random_seed,scenario_id,level,profit_change_absolute,profit_change_percent,emissions_change_absolute,emissions_change_percent,investment_cost_change_absolute,investment_cost_change_percent,carbon_trading_net_cost_change,open_dc_count_change,mean_all_candidate_w_change,network_structure_changed
101,DELTA_00500_GAMMA_050,500.0,432320.98471549014,18.233295588072266,-205634.0502446263,-95.09712417246229,5318.784518533008,3.3130183156720867,-411268.100489254,0.0,nan,False
101,DELTA_01000_GAMMA_050,1000.0,287616.87885252014,12.130347019097336,-192847.96275718018,-89.18409494395102,80096.42888953301,49.89127403193612,-385695.925514361,-2.0,nan,False
101,DELTA_02000_GAMMA_050,2000.0,88445.98067435017,3.7302415710253904,-108061.578621778,-49.973948128933785,109615.73209969702,68.27855628794397,-216123.1572435578,-2.0,nan,False
101,DELTA_05000_GAMMA_050,5000.0,-67132.29597052,-2.8313291263018034,75457.60293252798,34.89597674750117,-83918.1293513352,-52.27177348305043,150915.205865056,0.0,nan,False
101,DELTA_10000_GAMMA_050,10000.0,-109254.26751589961,-4.607838676132492,108485.615722555,50.17004750439398,-110536.85630236269,-68.85231545111493,216971.23144510997,0.0,nan,False
101,DELTA_15000_GAMMA_050,15000.0,-126965.5608671899,-5.354818948518895,134194.180320864,62.05918044221611,-144307.0833961454,-89.88745618604477,268388.360641727,0.0,nan,False
202,DELTA_00500_GAMMA_050,500.0,449327.64449747,19.301459288249582,-245545.80793936527,-96.43698777509793,67104.571955427,60.09231690471547,-491091.615878731,1.0,nan,False
202,DELTA_01000_GAMMA_050,1000.0,279456.32585306,12.004413621888823,-231899.8204688384,-91.07758889992225,191085.874350949,171.1178923120038,-463799.640937677,0.0,nan,False
202,DELTA_02000_GAMMA_050,2000.0,86321.75129196001,3.70806423476478,-106394.10245356601,-41.78579485336085,125774.033295306,112.63097054230616,-212788.20490713202,0.0,nan,False
202,DELTA_05000_GAMMA_050,5000.0,-56171.72287249006,-2.412930153422398,23461.76001172702,9.214498436853454,-40706.666769321295,-36.452924865708425,46923.52002345497,0.0,nan,False
202,DELTA_10000_GAMMA_050,10000.0,-93617.71258672979,-4.021471837488935,59942.67622843399,23.542210649654496,-76316.9306071719,-68.34200778879212,119885.35245686898,0.0,nan,False
202,DELTA_15000_GAMMA_050,15000.0,-111376.5213180799,-4.784324797758767,76113.79366824302,29.893342717189668,-91799.4870698584,-82.20667695125839,152227.58733648597,0.0,nan,False
303,DELTA_00500_GAMMA_050,500.0,471584.6656886898,21.104073244052273,-202798.88474281848,-83.47965113016184,-84686.686694896,-34.50546858290627,-405597.76948563696,-1.0,nan,False
303,DELTA_01000_GAMMA_050,1000.0,332817.3297141199,14.894040909746943,-219775.83390480198,-90.46800215139231,119055.04993154702,48.5088087086175,-439551.66780960397,0.0,nan,False
303,DELTA_02000_GAMMA_050,2000.0,88946.22066041967,3.9804677551544745,-53884.39868835101,-22.180845863953326,27099.810258448008,11.041778678205814,-107768.79737670199,0.0,nan,False
303,DELTA_05000_GAMMA_050,5000.0,-58075.61622396018,-2.598965037792409,98491.71736530898,40.54289655139564,-132220.56673310298,-53.87307957695923,196983.43473061803,0.0,nan,False
303,DELTA_10000_GAMMA_050,10000.0,-101426.84050516039,-4.5389929458536455,128074.506650842,52.72028565363447,-199681.6605918829,-81.36000515593472,256149.01330168307,0.0,nan,False
303,DELTA_15000_GAMMA_050,15000.0,-118099.82390649011,-5.285132268226802,151455.159398246,62.344642005613196,-229833.48069638308,-93.64532085238619,302910.31879649096,0.0,nan,False
404,DELTA_00500_GAMMA_050,500.0,652923.7633594701,36.768345818686875,-231005.25255705646,-96.61193915804635,-105512.89401822898,-34.859350113485455,-462010.505114113,2.0,nan,False
404,DELTA_01000_GAMMA_050,1000.0,466906.73229364003,26.293097542835227,-231945.7094445493,-97.00526079289871,62280.08188804303,20.57609356498889,-463891.41888909903,1.0,nan,False
404,DELTA_02000_GAMMA_050,2000.0,164533.33948641992,9.265428928200079,-148471.7236662156,-62.094437138340844,132533.974370763,43.786574688435245,-296943.44733243133,0.0,nan,False
404,DELTA_05000_GAMMA_050,5000.0,-114990.10128588998,-6.4754815907622145,156101.62471849602,65.28544482360013,-141643.85015931498,-46.79629546766658,312203.24943699205,2.0,nan,False
404,DELTA_10000_GAMMA_050,10000.0,-194880.47604249,-10.974378845659558,208129.81679751698,87.04488307013959,-255469.83717100488,-84.40212525912345,416259.633595035,3.0,nan,False
404,DELTA_15000_GAMMA_050,15000.0,-217621.71328326012,-12.255014843515077,225581.715590757,94.3436858711211,-267670.60193756176,-88.43301394440778,451163.43118151504,3.0,nan,False
505,DELTA_00500_GAMMA_050,500.0,497395.43955205986,25.59260763949586,-237640.75676075488,-96.32158797155068,-4883.671753982024,-2.555577758031932,-475281.513521511,0.0,nan,False
505,DELTA_01000_GAMMA_050,1000.0,318341.5969091202,16.379707044284103,-204462.7909074209,-82.8737501502112,100665.231542756,52.67713304606111,-408925.581814843,0.0,nan,False
505,DELTA_02000_GAMMA_050,2000.0,89658.76765248994,4.61323421870806,-110577.75372453398,-44.819857411063104,131659.496933302,68.8961295816153,-221155.5074490683,0.0,nan,False
505,DELTA_05000_GAMMA_050,5000.0,-78788.56969530997,-4.053927298780742,73448.10831118302,29.77030759568738,-68224.62463497101,-35.70128011266236,146896.216622365,0.0,nan,False
505,DELTA_10000_GAMMA_050,10000.0,-131786.71174729988,-6.780853497340873,133657.307319505,54.17456273284504,-151620.3913800618,-79.34147080197246,267314.61463901,0.0,nan,False
505,DELTA_15000_GAMMA_050,15000.0,-151491.78225807007,-7.794743247807632,141735.299784552,57.44876986996035,-148082.76303873362,-77.49026442269233,283470.599569104,0.0,nan,False
606,DELTA_00500_GAMMA_050,500.0,467778.30620877026,20.547189129818516,-193557.9914993909,-91.12140846502194,-72012.777608153,-33.092924859646494,-387115.982998783,0.0,nan,False
606,DELTA_01000_GAMMA_050,1000.0,322097.96996627003,14.148171942530906,-181652.4142381418,-85.51661291909599,45232.714731213986,20.786350416074196,-363304.828476285,0.0,nan,False
606,DELTA_02000_GAMMA_050,2000.0,110141.05954758031,4.83795240489993,-97430.723324828,-45.86751840288718,84829.54207870102,38.98277160150599,-194861.4466496578,0.0,nan,False
606,DELTA_05000_GAMMA_050,5000.0,-94958.8262871597,-4.171071931662126,79387.22192723298,37.373168734071655,-63923.40200084899,-29.37551375531963,158774.443854466,0.0,nan,False
606,DELTA_10000_GAMMA_050,10000.0,-167382.4925910998,-7.352285658913896,146250.76947802998,68.85055998306983,-125345.30398330379,-57.60148218139826,292501.53895605996,0.0,nan,False
606,DELTA_15000_GAMMA_050,15000.0,-183754.06551615987,-8.071407945644511,184062.23254466202,86.65108448771427,-176233.1542341619,-80.98660716274506,368124.465089323,0.0,nan,False
707,DELTA_00500_GAMMA_050,500.0,492201.2711033202,19.20460359338509,-223842.32152955528,-95.20570070258866,-34246.61562429898,-15.928304854766655,-447684.64305911004,0.0,nan,False
707,DELTA_01000_GAMMA_050,1000.0,318262.64862598013,12.417903740357742,-217681.9109947311,-92.58552504690458,114301.243496857,53.16218897861153,-435363.82198946096,-1.0,nan,False
707,DELTA_02000_GAMMA_050,2000.0,87017.11681855004,3.395215194372674,-69723.010802315,-29.65492876043147,36677.449728354,17.058900271420892,-139446.021604629,0.0,nan,False
707,DELTA_05000_GAMMA_050,5000.0,-53328.66377864964,-2.0807663615701943,97723.98958757002,41.56444072131656,-112090.75984422599,-52.13407986903275,195447.97917514003,2.0,nan,False
707,DELTA_10000_GAMMA_050,10000.0,-109024.4285841398,-4.25389176314056,160835.711290917,68.40742397066857,-182811.066471737,-85.02651559883715,321671.422581835,2.0,nan,False
707,DELTA_15000_GAMMA_050,15000.0,-114178.81556333974,-4.455004528413491,161806.78023489402,68.8204437187221,-179597.3165524827,-83.53178137451445,323613.560469789,2.0,nan,False
808,DELTA_00500_GAMMA_050,500.0,373338.25548155,13.665073043871068,-169840.7783373267,-96.63191263040878,-29241.123905321,-16.976215864348763,-339681.55667465297,0.0,nan,False
808,DELTA_01000_GAMMA_050,1000.0,249379.19208566006,9.127874857283432,-145595.412488134,-82.8373687207111,41984.85759048999,24.374713085511804,-291190.824976268,0.0,nan,False
808,DELTA_02000_GAMMA_050,2000.0,71045.72084337007,2.6004432991386905,-57320.22639487201,-32.612680907192946,39404.919240691,22.87690505033811,-114640.4527897439,0.0,nan,False
808,DELTA_05000_GAMMA_050,5000.0,-69258.30000133999,-2.5350194214410413,61279.29159821698,34.86521440693871,-57657.92782465099,-33.473864828574584,122558.58319643498,0.0,nan,False
808,DELTA_10000_GAMMA_050,10000.0,-105078.7740364899,-3.8461344410498493,119364.88765179898,67.91335689594057,-133880.98290138418,-77.72589293161553,238729.775303599,0.0,nan,False
808,DELTA_15000_GAMMA_050,15000.0,-119579.01071609976,-4.376877782968314,126185.73715062797,71.79411945066065,-144371.6595085176,-83.81635618543606,252371.47430125598,0.0,nan,False
909,DELTA_00500_GAMMA_050,500.0,569778.4159965799,24.324356107151075,-260276.77331035753,-92.95251581737215,-44372.89446213801,-18.526720186926777,-520553.546620716,0.0,nan,False
909,DELTA_01000_GAMMA_050,1000.0,379891.84909494966,16.21792675917215,-229472.6700580294,-81.95146159964625,70815.97099027899,29.567322465788223,-458945.34011605976,0.0,nan,False
909,DELTA_02000_GAMMA_050,2000.0,114301.90752323996,4.879651851077891,-109085.23204602001,-38.957555175730626,87043.80745839397,36.342823345959715,-218170.464092041,0.0,nan,False
909,DELTA_05000_GAMMA_050,5000.0,-91522.00478969002,-3.907157192416656,106320.20034798596,37.97008076770661,-121288.101673341,-50.64061628034811,212640.40069597005,0.0,nan,False
909,DELTA_10000_GAMMA_050,10000.0,-159757.00456490042,-6.820171070979501,174399.63178513298,62.2832545750111,-189358.57941993861,-79.06163116991581,348799.26357026503,0.0,nan,False
909,DELTA_15000_GAMMA_050,15000.0,-183842.25596437044,-7.848392245251719,193217.03444232396,69.00350431488599,-202951.1571625501,-84.73684996077667,386434.06888464605,0.0,nan,False
1010,DELTA_00500_GAMMA_050,500.0,463405.80169883976,18.51371558728555,-268805.2591336603,-95.83848046615273,73454.55600909599,65.77946248559935,-537610.51826732,0.0,nan,False
1010,DELTA_01000_GAMMA_050,1000.0,277857.2055574497,11.100787384858158,-241502.0915567551,-86.10394587811402,177641.372430939,159.08004388814692,-483004.183113509,-1.0,nan,False
1010,DELTA_02000_GAMMA_050,2000.0,68436.72321143001,2.734143648217883,-125006.324699535,-44.56912876806776,153931.83215119498,137.84785762063885,-250012.649399068,-1.0,nan,False
1010,DELTA_05000_GAMMA_050,5000.0,-58482.2944138702,-2.336450173262909,35512.014227101,12.661275649095268,-12623.620791381909,-11.304608391837693,71024.02845420397,0.0,nan,False
1010,DELTA_10000_GAMMA_050,10000.0,-97997.48209802015,-3.915137672384896,82333.29206632299,29.354699490789297,-66879.5022319481,-59.891420589040344,164666.58413264604,0.0,nan,False
1010,DELTA_15000_GAMMA_050,15000.0,-115730.07968640001,-4.623579964586505,106586.608541355,38.001855445710525,-97719.7856074122,-87.50927540379658,213173.21708270995,0.0,nan,False
