random_seed,scenario_id,level,profit_change_absolute,profit_change_percent,emissions_change_absolute,emissions_change_percent,investment_cost_change_absolute,investment_cost_change_percent,carbon_trading_net_cost_change,open_dc_count_change,network_structure_changed,positive_w_count_change,mean_positive_w_change,mean_all_candidate_w_change,mean_open_dc_w_change,max_w_change
101,DELTA_03000_GAMMA_010,0.1,567996.4504752601,23.955457959800015,-202229.2242553701,-93.52253494708478,-137167.6870755466,-85.44039677038911,-404458.448510741,0.0,True,0.0,0.42502443792766376,0.42502443792766376,0.6426476749057394,0.13685239491691104
101,DELTA_03000_GAMMA_030,0.3,438342.54652087996,18.48725715871352,-197988.9606302034,-91.56159085243337,-31096.62198825099,-19.36977853560839,-395977.921260408,-1.0,True,0.0,0.4266862170087977,0.4266862170087977,0.6247730763859798,0.135874877810362
101,DELTA_03000_GAMMA_040,0.4,261055.42176682036,11.010107855568924,-173603.7885848869,-80.28447146874356,68129.735991283,42.43733928203574,-347207.57716977503,-2.0,True,0.0,0.21564027370478978,0.21564027370478978,0.40698226504678103,0.13489736070381197
101,DELTA_03000_GAMMA_060,0.6,-100661.94428907987,-4.245454302665252,107718.639875736,49.815353341362815,-117594.08553309579,-73.24819379847914,215437.27975147098,0.0,False,0.0,-0.17468230694037146,-0.17468230694037146,-0.19913419913419922,-0.024437927663733983
101,DELTA_03000_GAMMA_070,0.7,-138193.47331321985,-5.828360260884722,142954.255446406,66.1103477998728,-150615.15774538537,-93.81669336097312,285908.510892811,0.0,False,-1.0,-0.1420875420875422,-0.1704789833822093,-0.26225387515710097,0.017595307917887992
101,DELTA_03000_GAMMA_090,0.9,-147766.29408262996,-6.232097476683208,152196.37478190698,70.38444038823205,-159553.92834448663,-99.38456523305672,304392.749563813,0.0,False,-6.0,-0.42086999022482896,-0.42394916911045943,-0.2950705208769725,-0.8523949169110461
202,DELTA_03000_GAMMA_010,0.1,602800.8553053602,25.894102688943168,-244724.63690914598,-96.11447662629396,-83886.0188380993,-75.12014578145771,-489449.273818292,1.0,True,0.0,0.5154447702834799,0.5154447702834799,0.6748010054461666,0.20430107526881802
202,DELTA_03000_GAMMA_030,0.3,456031.44073439017,19.589429662937636,-239470.0954221593,-94.0507796021142,46727.070714075,41.84421209398916,-478940.190844319,1.0,True,0.0,0.4769305962854348,0.4769305962854348,0.630812735651445,0.2033235581622681
202,DELTA_03000_GAMMA_040,0.4,231934.11335297022,9.963034550089485,-192921.4615140974,-75.76901752761046,154191.174758643,138.07859386483108,-385842.9230281947,0.0,False,0.0,0.3132942326490716,0.3132942326490716,0.46166736489317145,0.16911045943304104
202,DELTA_03000_GAMMA_060,0.6,-87498.83900986984,-3.7586275841250107,29271.477006169996,11.496238090532367,-21870.073442421504,-19.584707058474997,58542.95401233999,0.0,True,0.0,-0.1643206256109482,-0.1643206256109482,-0.12917190336545187,-0.25904203323558095
202,DELTA_03000_GAMMA_070,0.7,-114788.8355607898,-4.930905239093598,83458.43770306601,32.77791791292494,-103096.97848931025,-92.32360959568307,166916.87540613097,0.0,True,-2.0,-0.2287878787878788,-0.2573802541544477,-0.26057813154587356,0.027370478983383073
202,DELTA_03000_GAMMA_090,0.9,-125417.48297494976,-5.38747275250134,92563.88260985297,36.35403956017163,-110706.82991375338,-99.13825113306126,185127.76521970698,0.0,True,-7.0,-0.36686217008797656,-0.37028347996089933,-0.28892612763580516,-0.7859237536656887
303,DELTA_03000_GAMMA_010,0.1,694192.30106655,31.066076217238255,-230569.89885251538,-94.91124540321859,-213712.5555922277,-87.07687312561565,-461139.797705031,0.0,False,0.0,0.4872922776148583,0.4872922776148583,0.5842293906810037,0.08406647116324495
303,DELTA_03000_GAMMA_030,0.3,532388.4229905,23.825126410055923,-230281.1530471775,-94.79238676587711,-52486.49226361199,-21.38554571574906,-460562.30609435495,0.0,False,0.0,0.48387096774193544,0.48387096774193544,0.5787987400890627,0.07820136852394899
303,DELTA_03000_GAMMA_040,0.4,260801.78189363983,11.67124443969113,-207915.53484707698,-85.58585682355253,138092.45747350203,56.26557300623999,-415831.06969415396,-1.0,True,0.0,0.34271749755620734,0.34271749755620734,0.46870587596394064,0.08015640273704794
303,DELTA_03000_GAMMA_060,0.6,-81915.81413026014,-3.6658472317511652,112950.083321524,46.49450396515278,-188899.40798128047,-76.96679185136315,225900.166643047,0.0,False,0.0,-0.22697947214076233,-0.22697947214076233,-0.259910937330292,0.06940371456500494
303,DELTA_03000_GAMMA_070,0.7,-116447.05767687038,-5.211168668256364,147920.71311228702,60.88973093317644,-224408.63174201018,-91.43497395528168,295841.426224573,0.0,False,0.0,-0.3993157380254155,-0.3993157380254155,-0.34538937764744215,-0.8455522971652008
303,DELTA_03000_GAMMA_090,0.9,-136474.48414790025,-6.107424008784122,168230.34052615103,69.249937712632,-245058.2002342457,-99.84861091130567,336460.681052303,0.0,False,-6.0,-0.4397360703812317,-0.44193548387096776,-0.38926903443032473,-0.9081133919843601
404,DELTA_03000_GAMMA_010,0.1,820745.56297405,46.21895906087336,-231022.31032422124,-96.61907312554386,-273300.19523081527,-90.29291898664981,-462044.620648442,2.0,True,0.0,0.3975562072336265,0.3975562072336265,0.5303030303030303,0.08308895405669603
404,DELTA_03000_GAMMA_030,0.3,620171.76359903,34.92396991904236,-215310.72568847,-90.04811146080517,-155954.79452341096,-51.5243452921406,-430621.45137694,1.0,True,0.0,0.24946236559139778,0.24946236559139778,0.452101661779081,0.07917888563049902
404,DELTA_03000_GAMMA_040,0.4,401272.72219401016,22.59702440805831,-209847.2464162691,-87.76315334321107,61834.54397712002,20.428896749185384,-419694.492832538,1.0,True,0.0,0.24907135874877817,0.24907135874877817,0.41593352883675455,0.08308895405669603
404,DELTA_03000_GAMMA_060,0.6,-174834.73476805002,-9.84553534396463,177642.788270016,74.29447626074874,-214482.59962211986,-70.86076164479272,355285.57654003095,3.0,True,0.0,-0.34868035190615854,-0.34868035190615854,-0.31285978060171626,-0.606060606060606
404,DELTA_03000_GAMMA_070,0.7,-232719.73387309,-13.105235456360028,232686.32144151497,97.31500249962849,-266787.1015430955,-88.14112308251195,465372.642883031,3.0,True,0.0,-0.4386119257086999,-0.4386119257086999,-0.38519604648636907,-0.788856304985337
404,DELTA_03000_GAMMA_090,0.9,-258293.93519533006,-14.545405244965416,262013.338035606,109.58026448615205,-299937.1422918278,-99.09323360406324,524026.67607121094,3.0,True,-3.0,-0.5027370478983383,-0.5044965786901271,-0.45155859671988713,-0.9012707722385142
505,DELTA_03000_GAMMA_010,0.1,646940.6313418299,33.28719249796472,-234782.5385893162,-95.16308251653194,-160143.70229195931,-83.80163620384978,-469565.077178633,0.0,False,0.0,0.5195503421309874,0.5195503421309874,0.6493971977842947,0.157380254154448
505,DELTA_03000_GAMMA_030,0.3,490119.5230731,25.218238152249544,-224290.3785743343,-90.9103544589786,-31427.988112919003,-16.445959402488416,-448580.75714867003,0.0,False,0.0,0.48817204301075245,0.48817204301075245,0.5552297165200388,0.15151515151515105
505,DELTA_03000_GAMMA_040,0.4,260485.97966024,13.402848001658189,-182876.2024847389,-74.12417998344762,106354.30126943797,55.65416770150179,-365752.40496947884,0.0,False,0.0,0.3044965786901269,0.3044965786901269,0.38231780167264034,0.15444770283480003
505,DELTA_03000_GAMMA_060,0.6,-113932.25828353991,-5.862183992596004,110329.74597082598,44.71933382667451,-122754.3994057154,-64.2361789704692,220659.49194165,0.0,False,0.0,-0.24643206256109473,-0.24643206256109473,-0.18116650374714877,-0.607038123167155
505,DELTA_03000_GAMMA_070,0.7,-160902.38873272995,-8.278949454789675,151194.19492745402,61.28269050310309,-157617.541607735,-82.47972097632564,302388.38985490793,0.0,False,-2.0,-0.31896383186705773,-0.33010752688172046,-0.2732703377864668,-0.716520039100684
505,DELTA_03000_GAMMA_090,0.9,-178606.22774370993,-9.189869357732189,172223.47954322802,69.80637186023789,-189146.33187906965,-98.97842916435613,344446.959086455,0.0,False,-6.0,-0.367839687194526,-0.3719452590420333,-0.31975670685348107,-0.8260019550342131
606,DELTA_03000_GAMMA_010,0.1,621157.3023668402,27.284370398748603,-203211.76427027344,-95.66612069865174,-192644.8182390564,-88.52846267470701,-406423.528540548,0.0,False,0.0,0.5130987292277613,0.5130987292277613,0.6455802262253874,0.015640273704789043
606,DELTA_03000_GAMMA_030,0.3,474218.51399144996,20.830075628806757,-190002.6140652235,-89.4476413582419,-85563.286913925,-39.31995846618085,-380005.228130448,0.0,False,0.0,0.3596285434995111,0.3596285434995111,0.5577433319368801,0.020527859237535973
606,DELTA_03000_GAMMA_040,0.4,284706.69874752034,12.505758193670346,-177124.94654031558,-83.38521431235279,73566.97613432899,33.80714498490788,-354249.893080632,0.0,False,0.0,0.20293255131964782,0.20293255131964782,0.44365312107247573,0.021505376344086002
606,DELTA_03000_GAMMA_060,0.6,-146616.13046620972,-6.440122002636976,138590.47223645402,65.24431738618216,-126166.9891241576,-57.97908134543168,277180.944472907,0.0,False,0.0,-0.2243401759530793,-0.2243401759530793,-0.18167853651724633,-0.521016617790812
606,DELTA_03000_GAMMA_070,0.7,-199830.4109464998,-8.777562347610438,203829.49042276602,95.95692799947548,-199728.3945667728,-91.78366636128375,407658.980845531,0.0,False,-1.0,-0.310763549473227,-0.3202346041055719,-0.2966066191872645,-0.484848484848485
606,DELTA_03000_GAMMA_090,0.9,-222287.88142790995,-9.764008036164688,219699.95236529998,103.42827461757042,-215793.60134585918,-99.16631008720493,439399.9047305989,0.0,False,-4.0,-0.2665037471489087,-0.32209188660801585,-0.32760787599497293,-0.17693059628543595
707,DELTA_03000_GAMMA_010,0.1,657040.7722387402,25.6362758821236,-222833.17226780928,-94.77648444928357,-180839.4866062289,-84.10952206324673,-445666.344535618,2.0,True,0.0,0.5434017595307915,0.5434017595307915,0.5938416422287387,0.17693059628543506
707,DELTA_03000_GAMMA_030,0.3,508095.7817754601,19.824772200599437,-228082.92009491456,-97.00933262998588,-54724.802836491,-25.452831668369285,-456165.84018982796,-1.0,True,0.0,0.41827956989247306,0.41827956989247306,0.5920960759670435,0.18572825024438
707,DELTA_03000_GAMMA_040,0.4,270139.94544025,10.54026243225539,-188091.3793459853,-79.99993676078151,97000.512138639,45.11551580344991,-376182.75869197,-1.0,True,0.0,0.29276637341153466,0.29276637341153466,0.413908671973188,0.18572825024438
707,DELTA_03000_GAMMA_060,0.6,-80276.6163173397,-3.1322157920009865,132061.709832831,56.169126261302296,-153922.6969223056,-71.5903629001741,264123.419665663,2.0,True,0.0,-0.31407624633431097,-0.31407624633431097,-0.2636363636363639,-0.6050830889540559
707,DELTA_03000_GAMMA_070,0.7,-120038.06314757979,-4.683619393544973,168207.05255985103,71.54263855310897,-186549.1787109762,-86.76513386059877,336414.10511970305,2.0,True,0.0,-0.38338220918866095,-0.38338220918866095,-0.3329423264907138,-0.688172043010752
707,DELTA_03000_GAMMA_090,0.9,-132428.94599100994,-5.167084201847349,188116.60625023203,80.01066638991934,-214034.46233952086,-99.54870294251874,376233.212500466,2.0,True,-6.0,-0.422629521016618,-0.4262952101661781,-0.37585532746823097,-0.802541544477028
808,DELTA_03000_GAMMA_010,0.1,504493.80600599013,18.4656798708191,-171395.0521629396,-97.51622589127983,-153361.99624694668,-89.03578269102893,-342790.104325879,0.0,False,0.0,0.3951124144672532,0.3951124144672532,0.6256109481915937,0.039100684261973995
808,DELTA_03000_GAMMA_030,0.3,393670.5964316502,14.409285350423032,-166386.47920013883,-94.6665687613347,-56489.789600241,-32.795690941647734,-332772.958400278,0.0,False,0.0,0.24457478005865085,0.24457478005865085,0.5485826001955036,0.043988269794720924
808,DELTA_03000_GAMMA_040,0.4,227827.96879574982,8.339048541958368,-138436.51164941903,-78.76426986218785,49206.899018972996,28.56753873298588,-276873.023298838,0.0,False,0.0,0.19706744868035198,0.19706744868035198,0.3479960899315742,0.041055718475072944
808,DELTA_03000_GAMMA_060,0.6,-97212.01943919016,-3.5581924082901715,96227.56911548998,54.74924304065699,-95419.5478232136,-55.396736690776045,192455.13823098099,0.0,False,0.0,-0.1324535679374388,-0.1324535679374388,-0.23206256109481893,-0.045943304007819985
808,DELTA_03000_GAMMA_070,0.7,-129787.50720603019,-4.7505331696177935,131170.458235744,74.6302059141082,-144144.3490311453,-83.68438890043723,262340.916471489,0.0,False,-3.0,-0.1738444351347576,-0.2500488758553274,-0.3153470185728249,-0.07526881720430101
808,DELTA_03000_GAMMA_090,0.9,-139998.63279049983,-5.124284787415274,151546.171274043,86.22308803213879,-172037.2089997609,-99.87785716227462,303092.342548085,1.0,True,-6.0,-0.24017595307917894,-0.3527859237536657,-0.35907461713913313,-0.21603128054741005
909,DELTA_03000_GAMMA_010,0.1,759187.6071852199,32.41040585401898,-272951.3375816654,-97.47897671099257,-207016.5707244673,-86.43425510909407,-545902.675163332,0.0,False,0.0,0.633919843597263,0.633919843597263,0.6135549038774846,0.26686217008797697
909,DELTA_03000_GAMMA_030,0.3,582594.1808206798,24.871472703032758,-266843.119307967,-95.2975517283458,-44054.402155848016,-18.393742207648046,-533686.238615935,0.0,False,0.0,0.5688172043010755,0.5688172043010755,0.606169219072445,0.264907135874878
909,DELTA_03000_GAMMA_040,0.4,326616.8642108496,13.943569451941828,-216502.16100933382,-77.31931009348547,98139.46072379901,40.97551782827983,-433004.32201866846,0.0,False,0.0,0.4036168132942325,0.4036168132942325,0.36700336700336694,0.25513196480938405
909,DELTA_03000_GAMMA_060,0.6,-143440.67811055016,-6.123612331838832,124544.57504797797,44.47854272540414,-105865.430412299,-44.2012906863847,249089.150095955,0.0,False,0.0,-0.1833822091886608,-0.1833822091886608,-0.20462691430433363,-0.419354838709677
909,DELTA_03000_GAMMA_070,0.7,-197078.97784760036,-8.41347987886425,199193.988644664,71.13805102440065,-201679.16847831203,-84.20576496577091,398387.9772893271,0.0,False,0.0,-0.29012707722385134,-0.29012707722385134,-0.32301509720864546,-0.607038123167155
909,DELTA_03000_GAMMA_090,0.9,-215141.88664130028,-9.184601798357223,166303.477154587,59.39187886067351,-237672.5892465308,-99.23385910355816,332606.954309172,0.0,False,-5.0,-0.2146627565982404,-0.27507331378299116,-0.36819811013359394,-0.16129032258064502
1010,DELTA_03000_GAMMA_010,0.1,620053.3300934699,24.772005357326382,-269145.9691126485,-95.95995549521697,-83682.08036822951,-74.9383369170079,-538291.938225296,0.0,False,0.0,0.5565004887585534,0.5565004887585534,0.6752199413489738,0.24828934506353895
1010,DELTA_03000_GAMMA_030,0.3,476006.62923251,19.017136425495984,-272022.1358303677,-96.98540956810945,67751.58818467,60.67238433489955,-544044.271660734,0.0,False,0.0,0.6110459433040077,0.6110459433040077,0.6889051808406647,0.24731182795698992
1010,DELTA_03000_GAMMA_040,0.4,226843.47647722997,9.062716933915008,-213009.3417412872,-75.94528359815139,169989.15015768498,152.22738429419812,-426018.6834825734,-1.0,True,0.0,0.3576735092864126,0.3576735092864126,0.47454964390448273,0.17790811339198498
1010,DELTA_03000_GAMMA_060,0.6,-81487.51683002012,-3.2555412663684704,74147.33535067801,26.43611949232649,-66990.7658598119,-59.99105854252783,148294.670701357,0.0,False,-1.0,-0.18039535136309326,-0.19687194525904197,-0.168377321603128,-0.23069403714565007
1010,DELTA_03000_GAMMA_070,0.7,-121129.77204828989,-4.839305292755433,110563.93503636197,39.41991150915124,-95870.5245987552,-85.85323932170563,221127.87007272494,1.0,True,0.0,-0.3140762463343108,-0.3140762463343108,-0.2545074399913109,-0.6735092864125118
1010,DELTA_03000_GAMMA_090,0.9,-133532.96835580003,-5.334830484647065,123979.07239771303,44.20287737857013,-110336.84785496835,-98.80801053860318,247958.14479542704,1.0,True,-6.0,-0.3392961876832844,-0.34281524926686213,-0.28600521342456825,-0.7419354838709674
