random_seed,scenario_id,screening_total_profit,formal_total_profit,profit_absolute_difference,screening_carbon_emission,formal_carbon_emission,carbon_emission_absolute_difference,screening_total_investment_cost,formal_total_investment_cost,investment_cost_absolute_difference,screening_net_carbon_trading_cost,formal_net_carbon_trading_cost,net_carbon_trading_cost_absolute_difference,screening_num_dc_open,formal_num_dc_open,num_dc_open_match,screening_open_dc_set,formal_open_dc_set,open_dc_set_match,screening_best_w,formal_best_w,best_w_exact_match,screening_instance_fingerprint,formal_instance_fingerprint,instance_fingerprint_match,comparison_status,notes
101,DELTA_03000_GAMMA_050,2371052.3565378,2371052.3565378,0.0,216235.824199795,216235.824199795,0.0,160541.959378031,160541.959378031,0.0,232471.648399591,232471.648399591,0.0,7,7,True,0;2;3;4;5;6;7,0;2;3;4;5;6;7,True,0.167155425219941;0.733137829912023;0.333333333333333;0.304007820136852;0.297165200391007;0.168132942326491;0.229716520039101;0.586510263929619;0.860215053763441;0.580645161290323,0.167155425219941;0.733137829912023;0.333333333333333;0.304007820136852;0.297165200391007;0.168132942326491;0.229716520039101;0.586510263929619;0.860215053763441;0.580645161290323,True,65c944e9fcc4ef3ce75c06b9920915d614f2e60e4fbed56c8c716a5b95dab1b4,646508b8480eb597d4ae8ee4abfe1bbd0e2d8b6e2253e8023b1a35900ab4efb8,False,COMPARED_REAL_FIELDS,"raw result.csv, report.txt, instance_fingerprint.txt from both task directories"
505,DELTA_03000_GAMMA_050,1943512.15225311,1943512.15225311,0.0,246715.987314229,246715.987314229,0.0,191098.538818986,191098.538818986,0.0,293431.974628459,293431.974628459,0.0,9,9,True,0;1;2;4;5;6;7;8;9,0;1;2;4;5;6;7;8;9,True,0.170087976539589;0.411534701857283;0.350928641251222;0.841642228739003;0.186705767350929;0.428152492668622;0.61485826001955;0.241446725317693;0.072336265884653;0.429130009775171,0.170087976539589;0.411534701857283;0.350928641251222;0.841642228739003;0.186705767350929;0.428152492668622;0.61485826001955;0.241446725317693;0.072336265884653;0.429130009775171,True,79fba9aaf2fdafaa361626ed0fc09013b762f02cd28f435c5e8ffc669cf6a3d3,646508b8480eb597d4ae8ee4abfe1bbd0e2d8b6e2253e8023b1a35900ab4efb8,False,COMPARED_REAL_FIELDS,"raw result.csv, report.txt, instance_fingerprint.txt from both task directories"
909,DELTA_03000_GAMMA_050,2342419.31620575,2342419.31620575,0.0,280010.466657766,280010.466657766,0.0,239507.554572176,239507.554572176,0.0,360020.933315533,360020.933315533,0.0,9,9,True,0;1;3;4;5;6;7;8;9,0;1;3;4;5;6;7;8;9,True,0.732160312805474;0.359726295210166;0.00782013685239492;0.358748778103617;0.324535679374389;0.349951124144673;0.313782991202346;0.220918866080156;0.263929618768328;0.423264907135875,0.732160312805474;0.359726295210166;0.00782013685239492;0.358748778103617;0.324535679374389;0.349951124144673;0.313782991202346;0.220918866080156;0.263929618768328;0.423264907135875,True,767696324d108c33d88d7795c380710ae6949aba89e40b6a8a978ea35d94a9f1,646508b8480eb597d4ae8ee4abfe1bbd0e2d8b6e2253e8023b1a35900ab4efb8,False,COMPARED_REAL_FIELDS,"raw result.csv, report.txt, instance_fingerprint.txt from both task directories"
101,DELTA_00500_GAMMA_050,2803373.34125329,2803373.34125329,0.0,10601.7739551687,10601.7739551687,0.0,165860.743896564,165860.743896564,0.0,-178796.452089663,-178796.452089663,0.0,7,7,True,2;3;4;5;6;7;9,2;3;4;5;6;7;9,True,0.873900293255132;0.270772238514174;0.95405669599218;0.995112414467253;0.842619745845552;0.993157380254154;0.965786901270772;0.995112414467253;0.882697947214076;0.997067448680352,0.873900293255132;0.270772238514174;0.95405669599218;0.995112414467253;0.842619745845552;0.993157380254154;0.965786901270772;0.995112414467253;0.882697947214076;0.997067448680352,True,f73439e3b7af39aa8dc5c1db5438932881f9ea8d224bf6ecc1a7ed7a214d9196,646508b8480eb597d4ae8ee4abfe1bbd0e2d8b6e2253e8023b1a35900ab4efb8,False,COMPARED_REAL_FIELDS,"raw result.csv, report.txt, instance_fingerprint.txt from both task directories"
505,DELTA_00500_GAMMA_050,2440907.59180517,2440907.59180517,0.0,9075.23055347409,9075.23055347409,0.0,186214.867065004,186214.867065004,0.0,-181849.538893052,-181849.538893052,0.0,9,9,True,0;1;2;4;5;6;7;8;9,0;1;2;4;5;6;7;8;9,True,0.795698924731183;0.990224828934506;0.980449657869013;0.287390029325513;0.994134897360704;0.979472140762463;0.997067448680352;0.909090909090909;0.992179863147605;0.996089931573803,0.795698924731183;0.990224828934506;0.980449657869013;0.287390029325513;0.994134897360704;0.979472140762463;0.997067448680352;0.909090909090909;0.992179863147605;0.996089931573803,True,49b9895e05587068e6119c85c7e588fd54264af230c8b5df7ac4cf83d67463f5,646508b8480eb597d4ae8ee4abfe1bbd0e2d8b6e2253e8023b1a35900ab4efb8,False,COMPARED_REAL_FIELDS,"raw result.csv, report.txt, instance_fingerprint.txt from both task directories"
909,DELTA_00500_GAMMA_050,2912197.73220233,2912197.73220233,0.0,19733.6933474085,19733.6933474085,0.0,195134.660110038,195134.660110038,0.0,-160532.613305183,-160532.613305183,0.0,9,9,True,0;1;3;4;5;6;7;8;9,0;1;3;4;5;6;7;8;9,True,0.967741935483871;0.901270772238514;0.965786901270772;0.930596285434995;0.96871945259042;0.990224828934506;0.936461388074291;0.983382209188661;0.953079178885631;0.982404692082111,0.967741935483871;0.901270772238514;0.965786901270772;0.930596285434995;0.96871945259042;0.990224828934506;0.936461388074291;0.983382209188661;0.953079178885631;0.982404692082111,True,67fde08421033a2c439d1941dc1e3b4cb885155d06bd1e6c352d99742ef9bb32,646508b8480eb597d4ae8ee4abfe1bbd0e2d8b6e2253e8023b1a35900ab4efb8,False,COMPARED_REAL_FIELDS,"raw result.csv, report.txt, instance_fingerprint.txt from both task directories"
101,DELTA_01000_GAMMA_050,2658669.23539032,2658669.23539032,0.0,23387.8614426148,23387.8614426148,0.0,240638.388267564,240638.388267564,0.0,-153224.27711477,-153224.27711477,0.0,5,5,True,2;3;4;5;7,2;3;4;5;7,True,0.435972629521017;0.266862170087977;0.955034213098729;0.860215053763441;0.789833822091887;0.694037145650049;0.951124144672532;1;0.882697947214076;0.898338220918866,0.435972629521017;0.266862170087977;0.955034213098729;0.860215053763441;0.789833822091887;0.694037145650049;0.951124144672532;1;0.882697947214076;0.898338220918866,True,976f88f98e337d9b55fabbfa05691e9bbac3e67def10582e736e937b73b42e55,646508b8480eb597d4ae8ee4abfe1bbd0e2d8b6e2253e8023b1a35900ab4efb8,False,COMPARED_REAL_FIELDS,"raw result.csv, report.txt, instance_fingerprint.txt from both task directories"
505,DELTA_01000_GAMMA_050,2261853.74916223,2261853.74916223,0.0,42253.1964068081,42253.1964068081,0.0,291763.770361742,291763.770361742,0.0,-115493.607186384,-115493.607186384,0.0,9,9,True,0;1;2;4;5;6;7;8;9,0;1;2;4;5;6;7;8;9,True,0.424242424242424;0.950146627565982;0.951124144672532;0.319648093841642;0.610948191593353;0.958944281524927;0.989247311827957;0.608015640273705;0.978494623655914;0.593352883675464,0.424242424242424;0.950146627565982;0.951124144672532;0.319648093841642;0.610948191593353;0.958944281524927;0.989247311827957;0.608015640273705;0.978494623655914;0.593352883675464,True,54ba796f3c6f244a1e53c06a9fa4667f1b3b41d4a496aa9881f9a6289b3b4218,646508b8480eb597d4ae8ee4abfe1bbd0e2d8b6e2253e8023b1a35900ab4efb8,False,COMPARED_REAL_FIELDS,"raw result.csv, report.txt, instance_fingerprint.txt from both task directories"
909,DELTA_01000_GAMMA_050,2722311.1653007,2722311.1653007,0.0,50537.7965997366,50537.7965997366,0.0,310323.525562455,310323.525562455,0.0,-98924.4068005268,-98924.4068005268,0.0,9,9,True,0;1;3;4;5;6;7;8;9,0;1;3;4;5;6;7;8;9,True,0.963831867057674;0.930596285434995;0.725317693059629;0.747800586510264;0.458455522971652;0.989247311827957;0.873900293255132;0.312805474095797;0.681329423264907;0.993157380254154,0.963831867057674;0.930596285434995;0.725317693059629;0.747800586510264;0.458455522971652;0.989247311827957;0.873900293255132;0.312805474095797;0.681329423264907;0.993157380254154,True,2f25d65f201edbbe79400d0a5fedce5d1261e7019f7ab2a91d8cc61f6eb4fd39,646508b8480eb597d4ae8ee4abfe1bbd0e2d8b6e2253e8023b1a35900ab4efb8,False,COMPARED_REAL_FIELDS,"raw result.csv, report.txt, instance_fingerprint.txt from both task directories"
101,DELTA_02000_GAMMA_050,2459498.33721215,2459498.33721215,0.0,108174.245578017,108174.245578017,0.0,270157.691477728,270157.691477728,0.0,16348.4911560332,16348.4911560332,0.0,5,5,True,2;3;4;5;7,2;3;4;5;7,True,0.58455522971652;0.175953079178886;0.785923753665689;0.530791788856305;0.373411534701857;0.332355816226784;0.229716520039101;0.81524926686217;0.285434995112414;0.422287390029326,0.58455522971652;0.175953079178886;0.785923753665689;0.530791788856305;0.373411534701857;0.332355816226784;0.229716520039101;0.81524926686217;0.285434995112414;0.422287390029326,True,83b7b5678e4f6922aa48fdd9084f556679ff00593684d017c0b04baf7061fa1c,646508b8480eb597d4ae8ee4abfe1bbd0e2d8b6e2253e8023b1a35900ab4efb8,False,COMPARED_REAL_FIELDS,"raw result.csv, report.txt, instance_fingerprint.txt from both task directories"
505,DELTA_02000_GAMMA_050,2033170.9199056,2033170.9199056,0.0,136138.233589695,136138.233589695,0.0,322758.035752288,322758.035752288,0.0,72276.4671793907,72276.4671793907,0.0,9,9,True,0;1;2;4;5;6;7;8;9,0;1;2;4;5;6;7;8;9,True,0.521016617790811;0.649071358748778;0.487781036168133;0.258064516129032;0.330400782013685;0.604105571847507;0.986314760508309;0.604105571847507;0.335288367546432;0.627565982404692,0.521016617790811;0.649071358748778;0.487781036168133;0.258064516129032;0.330400782013685;0.604105571847507;0.986314760508309;0.604105571847507;0.335288367546432;0.627565982404692,True,7c8aba360e449c02166e7ea06c2073b04911af017ab5f83a19e1cbd73536650c,646508b8480eb597d4ae8ee4abfe1bbd0e2d8b6e2253e8023b1a35900ab4efb8,False,COMPARED_REAL_FIELDS,"raw result.csv, report.txt, instance_fingerprint.txt from both task directories"
909,DELTA_02000_GAMMA_050,2456721.22372899,2456721.22372899,0.0,170925.234611746,170925.234611746,0.0,326551.36203057,326551.36203057,0.0,141850.469223492,141850.469223492,0.0,9,9,True,0;1;3;4;5;6;7;8;9,0;1;3;4;5;6;7;8;9,True,0.975562072336266;0.557184750733138;0.821114369501466;0.364613880742913;0.396871945259042;0.561094819159335;0.602150537634409;0.232649071358749;0.309872922776149;0.700879765395894,0.975562072336266;0.557184750733138;0.821114369501466;0.364613880742913;0.396871945259042;0.561094819159335;0.602150537634409;0.232649071358749;0.309872922776149;0.700879765395894,True,a1c263ced8b8701c3d40fdd9f5b512b0fdad719d7f0d62100b9c4cedcb68dea2,646508b8480eb597d4ae8ee4abfe1bbd0e2d8b6e2253e8023b1a35900ab4efb8,False,COMPARED_REAL_FIELDS,"raw result.csv, report.txt, instance_fingerprint.txt from both task directories"
101,DELTA_03000_GAMMA_010,2939048.80701306,2939048.80701306,0.0,14006.5999444249,14006.5999444249,0.0,23374.2723024844,23374.2723024844,0.0,-171986.80011115,-171986.80011115,0.0,7,7,True,2;3;4;5;6;7;9,2;3;4;5;6;7;9,True,0.497556207233627;0.52297165200391;0.95405669599218;0.96969696969697;0.865102639296188;0.987292277614858;0.821114369501466;0.997067448680352;0.905180840664712;0.990224828934506,0.497556207233627;0.52297165200391;0.95405669599218;0.96969696969697;0.865102639296188;0.987292277614858;0.821114369501466;0.997067448680352;0.905180840664712;0.990224828934506,True,13f21ffda1ea7fd2376c5c022dab6f7e5412cf58fbd8749b8c551a67ce7fb78f,646508b8480eb597d4ae8ee4abfe1bbd0e2d8b6e2253e8023b1a35900ab4efb8,False,COMPARED_REAL_FIELDS,"raw result.csv, report.txt, instance_fingerprint.txt from both task directories"
505,DELTA_03000_GAMMA_010,2590452.78359494,2590452.78359494,0.0,11933.4487249128,11933.4487249128,0.0,30954.8365270267,30954.8365270267,0.0,-176133.102550174,-176133.102550174,0.0,9,9,True,0;1;2;4;5;6;7;8;9,0;1;2;4;5;6;7;8;9,True,0.996089931573803;0.951124144672532;0.946236559139785;0.192570869990225;0.990224828934506;0.999022482893451;0.990224828934506;0.958944281524927;0.921798631476051;0.996089931573803,0.996089931573803;0.951124144672532;0.946236559139785;0.192570869990225;0.990224828934506;0.999022482893451;0.990224828934506;0.958944281524927;0.921798631476051;0.996089931573803,True,425df1054f9c0e9c5eddcbddef0f51028923d3debc4982021c0ee8e058d92b1e,646508b8480eb597d4ae8ee4abfe1bbd0e2d8b6e2253e8023b1a35900ab4efb8,False,COMPARED_REAL_FIELDS,"raw result.csv, report.txt, instance_fingerprint.txt from both task directories"
909,DELTA_03000_GAMMA_010,3101606.92339097,3101606.92339097,0.0,7059.12907610066,7059.12907610066,0.0,32490.9838477087,32490.9838477087,0.0,-185881.741847799,-185881.741847799,0.0,9,9,True,0;1;3;4;5;6;7;8;9,0;1;3;4;5;6;7;8;9,True,0.995112414467253;0.961876832844575;0.825024437927664;0.999022482893451;0.963831867057674;0.992179863147605;0.999022482893451;0.973607038123167;0.991202346041056;0.993157380254154,0.995112414467253;0.961876832844575;0.825024437927664;0.999022482893451;0.963831867057674;0.992179863147605;0.999022482893451;0.973607038123167;0.991202346041056;0.993157380254154,True,f63f971a9b904efd9626d3b0065256091ad079e4a31151fb7034d5c43dd241b5,646508b8480eb597d4ae8ee4abfe1bbd0e2d8b6e2253e8023b1a35900ab4efb8,False,COMPARED_REAL_FIELDS,"raw result.csv, report.txt, instance_fingerprint.txt from both task directories"
101,DELTA_03000_GAMMA_030,2809394.90305868,2809394.90305868,0.0,18246.8635695916,18246.8635695916,0.0,129445.33738978,129445.33738978,0.0,-163506.272860817,-163506.272860817,0.0,6,6,True,2;3;4;5;7;9,2;3;4;5;7;9,True,0.764418377321603;0.579667644183773;0.98533724340176;0.946236559139785;0.812316715542522;0.836754643206256;0.763440860215054;0.996089931573803;0.882697947214076;0.959921798631476,0.764418377321603;0.579667644183773;0.98533724340176;0.946236559139785;0.812316715542522;0.836754643206256;0.763440860215054;0.996089931573803;0.882697947214076;0.959921798631476,True,82f9d7eb4df44e90170be6f7232aba933c2f7ee70041a9a1d6db95060f13bb3a,646508b8480eb597d4ae8ee4abfe1bbd0e2d8b6e2253e8023b1a35900ab4efb8,False,COMPARED_REAL_FIELDS,"raw result.csv, report.txt, instance_fingerprint.txt from both task directories"
505,DELTA_03000_GAMMA_030,2433631.67532621,2433631.67532621,0.0,22425.6087398947,22425.6087398947,0.0,159670.550706067,159670.550706067,0.0,-155148.782520211,-155148.782520211,0.0,9,9,True,0;1;2;4;5;6;7;8;9,0;1;2;4;5;6;7;8;9,True,0.579667644183773;0.96969696969697;0.98435972629521;0.726295210166178;0.896383186705767;0.993157380254154;0.989247311827957;0.719452590420332;0.979472140762463;0.790811339198436,0.579667644183773;0.96969696969697;0.98435972629521;0.726295210166178;0.896383186705767;0.993157380254154;0.989247311827957;0.719452590420332;0.979472140762463;0.790811339198436,True,3425f786cda55818ebf9bf9cbc08ea9e8fca27f28263f536bc7c59b0e3e8c986,646508b8480eb597d4ae8ee4abfe1bbd0e2d8b6e2253e8023b1a35900ab4efb8,False,COMPARED_REAL_FIELDS,"raw result.csv, report.txt, instance_fingerprint.txt from both task directories"
909,DELTA_03000_GAMMA_030,2925013.49702643,2925013.49702643,0.0,13167.347349799,13167.347349799,0.0,195453.152416328,195453.152416328,0.0,-173665.305300402,-173665.305300402,0.0,9,9,True,0;1;3;4;5;6;7;8;9,0;1;3;4;5;6;7;8;9,True,0.935483870967742;0.997067448680352;0.240469208211144;0.991202346041056;0.958944281524927;0.991202346041056;0.976539589442815;0.980449657869013;0.988269794721408;0.983382209188661,0.935483870967742;0.997067448680352;0.240469208211144;0.991202346041056;0.958944281524927;0.991202346041056;0.976539589442815;0.980449657869013;0.988269794721408;0.983382209188661,True,503d88aba6e096f3ac6e0e7e56e4d9a9116c5491d352d3bdf66173a41e816f13,646508b8480eb597d4ae8ee4abfe1bbd0e2d8b6e2253e8023b1a35900ab4efb8,False,COMPARED_REAL_FIELDS,"raw result.csv, report.txt, instance_fingerprint.txt from both task directories"
101,DELTA_03000_GAMMA_040,2632107.77830462,2632107.77830462,0.0,42632.0356149081,42632.0356149081,0.0,228671.695369314,228671.695369314,0.0,-114735.928770184,-114735.928770184,0.0,5,5,True,2;3;4;5;7,2;3;4;5;7,True,0.592375366568915;0.427174975562072;0.990224828934506;0.686217008797654;0.542521994134897;0.310850439882698;0.843597262952102;0.995112414467253;0.629521016617791;0.398826979472141,0.592375366568915;0.427174975562072;0.990224828934506;0.686217008797654;0.542521994134897;0.310850439882698;0.843597262952102;0.995112414467253;0.629521016617791;0.398826979472141,True,8150a1bef63aec8f3f71aeb4fc9b2968b74d28cce09d8e1963e38c24d843362e,646508b8480eb597d4ae8ee4abfe1bbd0e2d8b6e2253e8023b1a35900ab4efb8,False,COMPARED_REAL_FIELDS,"raw result.csv, report.txt, instance_fingerprint.txt from both task directories"
505,DELTA_03000_GAMMA_040,2203998.13191335,2203998.13191335,0.0,63839.7848294901,63839.7848294901,0.0,297452.840088424,297452.840088424,0.0,-72320.4303410198,-72320.4303410198,0.0,9,9,True,0;1;2;4;5;6;7;8;9,0;1;2;4;5;6;7;8;9,True,0.566959921798632;0.802541544477028;0.671554252199413;0.44574780058651;0.43010752688172;0.996089931573803;0.990224828934506;0.608015640273705;0.927663734115347;0.352883675464321,0.566959921798632;0.802541544477028;0.671554252199413;0.44574780058651;0.43010752688172;0.996089931573803;0.990224828934506;0.608015640273705;0.927663734115347;0.352883675464321,True,e14c98fc1f50d163da0808a2739891a77746fc61b889f1ec9719462b78116d1e,646508b8480eb597d4ae8ee4abfe1bbd0e2d8b6e2253e8023b1a35900ab4efb8,False,COMPARED_REAL_FIELDS,"raw result.csv, report.txt, instance_fingerprint.txt from both task directories"
909,DELTA_03000_GAMMA_040,2669036.1804166,2669036.1804166,0.0,63508.3056484322,63508.3056484322,0.0,337647.015295975,337647.015295975,0.0,-72983.3887031355,-72983.3887031355,0.0,9,9,True,0;1;3;4;5;6;7;8;9,0;1;3;4;5;6;7;8;9,True,0.967741935483871;0.899315738025415;0.740957966764418;0.724340175953079;0.458455522971652;0.955034213098729;0.748778103616813;0.36950146627566;0.539589442815249;0.987292277614858,0.967741935483871;0.899315738025415;0.740957966764418;0.724340175953079;0.458455522971652;0.955034213098729;0.748778103616813;0.36950146627566;0.539589442815249;0.987292277614858,True,348a377e01c2a1ee6d091dbdb4c1468daadc289769b681cd140014f77b8c6730,646508b8480eb597d4ae8ee4abfe1bbd0e2d8b6e2253e8023b1a35900ab4efb8,False,COMPARED_REAL_FIELDS,"raw result.csv, report.txt, instance_fingerprint.txt from both task directories"
101,DELTA_03000_GAMMA_060,2270390.41224872,2270390.41224872,0.0,323954.464075531,323954.464075531,0.0,42947.8738449352,42947.8738449352,0.0,447908.928151062,447908.928151062,0.0,7,7,True,0;2;3;4;5;6;7,0;2;3;4;5;6;7,True,0.125122189638319;0.809384164222874;0.0625610948191593;0.119257086999022;0.0840664711632454;0.0869990224828935;0.0332355816226784;0.180840664711632;0.175953079178886;0.835777126099707,0.125122189638319;0.809384164222874;0.0625610948191593;0.119257086999022;0.0840664711632454;0.0869990224828935;0.0332355816226784;0.180840664711632;0.175953079178886;0.835777126099707,True,0287743ae3ddf05f3a33cb4be52aabfb263f61e076772c6a718c19983acac9cb,646508b8480eb597d4ae8ee4abfe1bbd0e2d8b6e2253e8023b1a35900ab4efb8,False,COMPARED_REAL_FIELDS,"raw result.csv, report.txt, instance_fingerprint.txt from both task directories"
505,DELTA_03000_GAMMA_060,1829579.89396957,1829579.89396957,0.0,357045.733285055,357045.733285055,0.0,68344.1394132706,68344.1394132706,0.0,514091.466570109,514091.466570109,0.0,9,9,True,0;1;2;4;5;6;7;8;9,0;1;2;4;5;6;7;8;9,True,0.113391984359726;0.148582600195503;0.125122189638319;0.00782013685239492;0.140762463343109;0.132942326490714;0.234604105571848;0.132942326490714;0.112414467253177;0.133919843597263,0.113391984359726;0.148582600195503;0.125122189638319;0.00782013685239492;0.140762463343109;0.132942326490714;0.234604105571848;0.132942326490714;0.112414467253177;0.133919843597263,True,eacfcc9e4994181a4f26aefe4fee2e49141444901ce6927ca1be081939fb4a54,646508b8480eb597d4ae8ee4abfe1bbd0e2d8b6e2253e8023b1a35900ab4efb8,False,COMPARED_REAL_FIELDS,"raw result.csv, report.txt, instance_fingerprint.txt from both task directories"
909,DELTA_03000_GAMMA_060,2198978.6380952,2198978.6380952,0.0,404555.041705744,404555.041705744,0.0,133642.124159877,133642.124159877,0.0,609110.083411488,609110.083411488,0.0,9,9,True,0;1;3;4;5;6;7;8;9,0;1;3;4;5;6;7;8;9,True,0.312805474095797;0.187683284457478;0.0156402737047898;0.203323558162268;0.173998044965787;0.159335288367546;0.0782013685239492;0.0899315738025415;0.0469208211143695;0.253176930596285,0.312805474095797;0.187683284457478;0.0156402737047898;0.203323558162268;0.173998044965787;0.159335288367546;0.0782013685239492;0.0899315738025415;0.0469208211143695;0.253176930596285,True,d824fa8c3ccba344e330bf68f47a7666f7e2ccdb0181cfe97aa9e476a2a63eef,646508b8480eb597d4ae8ee4abfe1bbd0e2d8b6e2253e8023b1a35900ab4efb8,False,COMPARED_REAL_FIELDS,"raw result.csv, report.txt, instance_fingerprint.txt from both task directories"
101,DELTA_03000_GAMMA_070,2232858.88322458,2232858.88322458,0.0,359190.079646201,359190.079646201,0.0,9926.80163264562,9926.80163264562,0.0,518380.159292402,518380.159292402,0.0,7,7,True,0;2;3;4;5;6;7,0;2;3;4;5;6;7,True,0.0782013685239492;0.797653958944281;0.00782013685239492;0.0625610948191593;0.00586510263929619;0;0.0742913000977517;0.021505376344086;0.629521016617791;0.877810361681329,0.0782013685239492;0.797653958944281;0.00782013685239492;0.0625610948191593;0.00586510263929619;0;0.0742913000977517;0.021505376344086;0.629521016617791;0.877810361681329,True,a516a74f89cf00221e680b93653affa143ceeb4e7eac9259fb3205f276313fb3,646508b8480eb597d4ae8ee4abfe1bbd0e2d8b6e2253e8023b1a35900ab4efb8,False,COMPARED_REAL_FIELDS,"raw result.csv, report.txt, instance_fingerprint.txt from both task directories"
505,DELTA_03000_GAMMA_070,1782609.76352038,1782609.76352038,0.0,397910.182241683,397910.182241683,0.0,33480.997211251,33480.997211251,0.0,595820.364483367,595820.364483367,0.0,9,9,True,0;1;2;4;5;6;7;8;9,0;1;2;4;5;6;7;8;9,True,0.0312805474095797;0.0957966764418377;0.0791788856304985;0;0;0.032258064516129;0.125122189638319;0.032258064516129;0.032258064516129;0.0175953079178886,0.0312805474095797;0.0957966764418377;0.0791788856304985;0;0;0.032258064516129;0.125122189638319;0.032258064516129;0.032258064516129;0.0175953079178886,True,d2ffdaaf7f56211599c69e9087811541a6ceb509b11a59b6d9ee6b9c7b84b734,646508b8480eb597d4ae8ee4abfe1bbd0e2d8b6e2253e8023b1a35900ab4efb8,False,COMPARED_REAL_FIELDS,"raw result.csv, report.txt, instance_fingerprint.txt from both task directories"
909,DELTA_03000_GAMMA_070,2145340.33835815,2145340.33835815,0.0,479204.45530243,479204.45530243,0.0,37828.386093864,37828.386093864,0.0,758408.91060486,758408.91060486,0.0,9,9,True,0;1;3;4;5;6;7;8;9,0;1;3;4;5;6;7;8;9,True,0.0977517106549365;0.0361681329423265;0.0136852394916911;0.00488758553274682;0.00977517106549365;0.0312805474095797;0.0332355816226784;0.0381231671554252;0.0635386119257087;0.125122189638319,0.0977517106549365;0.0361681329423265;0.0136852394916911;0.00488758553274682;0.00977517106549365;0.0312805474095797;0.0332355816226784;0.0381231671554252;0.0635386119257087;0.125122189638319,True,536c69cdb868e719802225543f1c08cb4a36e996a6e9421fc82539abc8b41c3f,646508b8480eb597d4ae8ee4abfe1bbd0e2d8b6e2253e8023b1a35900ab4efb8,False,COMPARED_REAL_FIELDS,"raw result.csv, report.txt, instance_fingerprint.txt from both task directories"
101,DELTA_03000_GAMMA_090,2223286.06245517,2223286.06245517,0.0,368432.198981702,368432.198981702,0.0,988.031033544368,988.031033544368,0.0,536864.397963404,536864.397963404,0.0,7,7,True,0;2;3;4;5;6;7,0;2;3;4;5;6;7,True,0;0;0;0.00782013685239492;0.00782013685239492;0.000977517106549365;0;0.00391006842619746;0;0,0;0;0;0.00782013685239492;0.00782013685239492;0.000977517106549365;0;0.00391006842619746;0;0,True,e4c269978e2e219a0e005347255ae375ac7559bd52dd9973c3286f19a7ba7a87,646508b8480eb597d4ae8ee4abfe1bbd0e2d8b6e2253e8023b1a35900ab4efb8,False,COMPARED_REAL_FIELDS,"raw result.csv, report.txt, instance_fingerprint.txt from both task directories"
505,DELTA_03000_GAMMA_090,1764905.9245094,1764905.9245094,0.0,418939.466857457,418939.466857457,0.0,1952.20693991636,1952.20693991636,0.0,637878.933714914,637878.933714914,0.0,9,9,True,0;1;2;4;5;6;7;8;9,0;1;2;4;5;6;7;8;9,True,0.00195503421309873;0;0.00391006842619746;0;0;0;0;0.00586510263929619;0;0.0156402737047898,0.00195503421309873;0;0.00391006842619746;0;0;0;0;0.00586510263929619;0;0.0156402737047898,True,4dfd3966e0049d3a6811f5eba954f877d69383f1e6c24f5a48e84e25a081ec1f,646508b8480eb597d4ae8ee4abfe1bbd0e2d8b6e2253e8023b1a35900ab4efb8,False,COMPARED_REAL_FIELDS,"raw result.csv, report.txt, instance_fingerprint.txt from both task directories"
909,DELTA_03000_GAMMA_090,2127277.42956445,2127277.42956445,0.0,446313.943812353,446313.943812353,0.0,1834.96532564521,1834.96532564521,0.0,692627.887624705,692627.887624705,0.0,9,9,True,0;1;3;4;5;6;7;8;9,0;1;3;4;5;6;7;8;9,True,0.0117302052785924;0;0.570869990224829;0.0117302052785924;0;0;0;0.00586510263929619;0.00391006842619746;0,0.0117302052785924;0;0.570869990224829;0.0117302052785924;0;0;0;0.00586510263929619;0.00391006842619746;0,True,2916683ee300e6f66e9d98c26a3db895969aabea5e096e9f7327075447dab6ec,646508b8480eb597d4ae8ee4abfe1bbd0e2d8b6e2253e8023b1a35900ab4efb8,False,COMPARED_REAL_FIELDS,"raw result.csv, report.txt, instance_fingerprint.txt from both task directories"
101,DELTA_05000_GAMMA_050,2303920.06056728,2303920.06056728,0.0,291693.427132323,291693.427132323,0.0,76623.8300266958,76623.8300266958,0.0,383386.854264647,383386.854264647,0.0,7,7,True,0;2;3;4;5;6;7,0;2;3;4;5;6;7,True,0.185728250244379;0.146627565982405;0.187683284457478;0.10752688172043;0.271749755620723;0.0664711632453568;0.0263929618768328;0.290322580645161;0.158357771260997;0.182795698924731,0.185728250244379;0.146627565982405;0.187683284457478;0.10752688172043;0.271749755620723;0.0664711632453568;0.0263929618768328;0.290322580645161;0.158357771260997;0.182795698924731,True,d8eb3238cc577dabed8125bf6e6fca4e67d4055626a1bbff16b8aac437603617,646508b8480eb597d4ae8ee4abfe1bbd0e2d8b6e2253e8023b1a35900ab4efb8,False,COMPARED_REAL_FIELDS,"raw result.csv, report.txt, instance_fingerprint.txt from both task directories"
505,DELTA_05000_GAMMA_050,1864723.5825578,1864723.5825578,0.0,320164.095625412,320164.095625412,0.0,122873.914184015,122873.914184015,0.0,440328.191250824,440328.191250824,0.0,9,9,True,0;1;2;4;5;6;7;8;9,0;1;2;4;5;6;7;8;9,True,0.0195503421309873;0.253176930596285;0.227761485826002;0.502443792766373;0.150537634408602;0.274682306940371;0.332355816226784;0.253176930596285;0.151515151515152;0.273704789833822,0.0195503421309873;0.253176930596285;0.227761485826002;0.502443792766373;0.150537634408602;0.274682306940371;0.332355816226784;0.253176930596285;0.151515151515152;0.273704789833822,True,2964da08e85b94397b24a0243bf906faafc66d071ee035204c8d587355271e60,646508b8480eb597d4ae8ee4abfe1bbd0e2d8b6e2253e8023b1a35900ab4efb8,False,COMPARED_REAL_FIELDS,"raw result.csv, report.txt, instance_fingerprint.txt from both task directories"
909,DELTA_05000_GAMMA_050,2250897.31141606,2250897.31141606,0.0,386330.667005752,386330.667005752,0.0,118219.452898835,118219.452898835,0.0,572661.334011503,572661.334011503,0.0,9,9,True,0;1;3;4;5;6;7;8;9,0;1;3;4;5;6;7;8;9,True,0.325513196480938;0.247311827956989;0.181818181818182;0.257086999022483;0.192570869990225;0.264907135874878;0.141739980449658;0.152492668621701;0.0733137829912024;0.229716520039101,0.325513196480938;0.247311827956989;0.181818181818182;0.257086999022483;0.192570869990225;0.264907135874878;0.141739980449658;0.152492668621701;0.0733137829912024;0.229716520039101,True,267db9ec7f9f84a474694c9f3daa66fe90874d07bff26ec782508877169a5f9d,646508b8480eb597d4ae8ee4abfe1bbd0e2d8b6e2253e8023b1a35900ab4efb8,False,COMPARED_REAL_FIELDS,"raw result.csv, report.txt, instance_fingerprint.txt from both task directories"
101,DELTA_10000_GAMMA_050,2261798.0890219,2261798.0890219,0.0,324721.43992235,324721.43992235,0.0,50005.1030756683,50005.1030756683,0.0,449442.879844701,449442.879844701,0.0,7,7,True,0;2;3;4;5;6;7,0;2;3;4;5;6;7,True,0.0821114369501466;0.608015640273705;0.0625610948191593;0.103616813294233;0.0821114369501466;0.0869990224828935;0.10752688172043;0.178885630498534;0.594330400782014;0.579667644183773,0.0821114369501466;0.608015640273705;0.0625610948191593;0.103616813294233;0.0821114369501466;0.0869990224828935;0.10752688172043;0.178885630498534;0.594330400782014;0.579667644183773,True,e400a146ded625965f3972162cc8590ef28b725d959701d48fd20dee7104d928,646508b8480eb597d4ae8ee4abfe1bbd0e2d8b6e2253e8023b1a35900ab4efb8,False,COMPARED_REAL_FIELDS,"raw result.csv, report.txt, instance_fingerprint.txt from both task directories"
505,DELTA_10000_GAMMA_050,1811725.44050581,1811725.44050581,0.0,380373.294633734,380373.294633734,0.0,39478.1474389242,39478.1474389242,0.0,560746.589267469,560746.589267469,0.0,9,9,True,0;1;2;4;5;6;7;8;9,0;1;2;4;5;6;7;8;9,True,0;0.0967741935483871;0.0625610948191593;0.502443792766373;0.0234604105571848;0.126099706744868;0.156402737047898;0.0713587487781036;0;0.0977517106549365,0;0.0967741935483871;0.0625610948191593;0.502443792766373;0.0234604105571848;0.126099706744868;0.156402737047898;0.0713587487781036;0;0.0977517106549365,True,049fe6c9e41fc639cdb9597c553853ee8be670b3773627ada0b1f0ddc9008eab,646508b8480eb597d4ae8ee4abfe1bbd0e2d8b6e2253e8023b1a35900ab4efb8,False,COMPARED_REAL_FIELDS,"raw result.csv, report.txt, instance_fingerprint.txt from both task directories"
909,DELTA_10000_GAMMA_050,2182662.31164085,2182662.31164085,0.0,454410.098442899,454410.098442899,0.0,50148.9751522374,50148.9751522374,0.0,708820.196885798,708820.196885798,0.0,9,9,True,0;1;3;4;5;6;7;8;9,0;1;3;4;5;6;7;8;9,True,0.195503421309873;0.0703812316715543;0.586510263929619;0.104594330400782;0.0625610948191593;0.0625610948191593;0.0742913000977517;0.0625610948191593;0.072336265884653;0.105571847507331,0.195503421309873;0.0703812316715543;0.586510263929619;0.104594330400782;0.0625610948191593;0.0625610948191593;0.0742913000977517;0.0625610948191593;0.072336265884653;0.105571847507331,True,55412a76fa92480bf73c3cfbc976dc7c5053ed37c11bc5a0a8526649d63d15ea,646508b8480eb597d4ae8ee4abfe1bbd0e2d8b6e2253e8023b1a35900ab4efb8,False,COMPARED_REAL_FIELDS,"raw result.csv, report.txt, instance_fingerprint.txt from both task directories"
101,DELTA_15000_GAMMA_050,2244086.79567061,2244086.79567061,0.0,350430.004520659,350430.004520659,0.0,16234.8759818856,16234.8759818856,0.0,500860.009041318,500860.009041318,0.0,7,7,True,0;2;3;4;5;6;7,0;2;3;4;5;6;7,True,0;0;0.0166177908113392;0.0312805474095797;0.0312805474095797;0.0312805474095797;0.0664711632453568;0.0909090909090909;0.164222873900293;0.500488758553275,0;0;0.0166177908113392;0.0312805474095797;0.0312805474095797;0.0312805474095797;0.0664711632453568;0.0909090909090909;0.164222873900293;0.500488758553275,True,908403183474dfb227ad4b2d64d7420d9c67603a0c2787787c53088cd7c9b272,646508b8480eb597d4ae8ee4abfe1bbd0e2d8b6e2253e8023b1a35900ab4efb8,False,COMPARED_REAL_FIELDS,"raw result.csv, report.txt, instance_fingerprint.txt from both task directories"
505,DELTA_15000_GAMMA_050,1792020.36999504,1792020.36999504,0.0,388451.287098781,388451.287098781,0.0,43015.7757802524,43015.7757802524,0.0,576902.574197563,576902.574197563,0.0,9,9,True,0;1;2;4;5;6;7;8;9,0;1;2;4;5;6;7;8;9,True,0.0703812316715543;0.0312805474095797;0.0782013685239492;0.0948191593352884;0.125122189638319;0.0791788856304985;0.127077223851417;0.0175953079178886;0;0.0860215053763441,0.0703812316715543;0.0312805474095797;0.0782013685239492;0.0948191593352884;0.125122189638319;0.0791788856304985;0.127077223851417;0.0175953079178886;0;0.0860215053763441,True,e0ecc513209386dcd91a5e26d23e5e7f9cb9fea86ab6f7cef0db1a8a679bc9a8,646508b8480eb597d4ae8ee4abfe1bbd0e2d8b6e2253e8023b1a35900ab4efb8,False,COMPARED_REAL_FIELDS,"raw result.csv, report.txt, instance_fingerprint.txt from both task directories"
909,DELTA_15000_GAMMA_050,2158577.06024138,2158577.06024138,0.0,473227.50110009,473227.50110009,0.0,36556.3974096259,36556.3974096259,0.0,746455.002200179,746455.002200179,0.0,9,9,True,0;1;3;4;5;6;7;8;9,0;1;3;4;5;6;7;8;9,True,0.144672531769306;0.0625610948191593;0;0.00391006842619746;0.0625610948191593;0.0674486803519062;0.0156402737047898;0.032258064516129;0.050830889540567;0.050830889540567,0.144672531769306;0.0625610948191593;0;0.00391006842619746;0.0625610948191593;0.0674486803519062;0.0156402737047898;0.032258064516129;0.050830889540567;0.050830889540567,True,b4ec3237acdf47e350921eee9272c4e3f9a47808603ba2c7f9d044d7f323ec36,646508b8480eb597d4ae8ee4abfe1bbd0e2d8b6e2253e8023b1a35900ab4efb8,False,COMPARED_REAL_FIELDS,"raw result.csv, report.txt, instance_fingerprint.txt from both task directories"
