order_id,size_id,scenario_id,random_seed,delta,gamma,status,validation_status,completion_marker,output_directory,unique_key
1,10x30,DELTA_00500_GAMMA_050,101,500,0.5,COMPLETED,PASS,COMPLETED.ok,results/paper_experiments/part3_investment_cost/RQ2_delta_gamma/formal_130runs_resumable_20260802_1530/seed_101/DELTA_00500_GAMMA_050,10x30|101|DELTA_00500_GAMMA_050
2,10x30,DELTA_01000_GAMMA_050,101,1000,0.5,COMPLETED,PASS,COMPLETED.ok,results/paper_experiments/part3_investment_cost/RQ2_delta_gamma/formal_130runs_resumable_20260802_1530/seed_101/DELTA_01000_GAMMA_050,10x30|101|DELTA_01000_GAMMA_050
3,10x30,DELTA_02000_GAMMA_050,101,2000,0.5,COMPLETED,PASS,COMPLETED.ok,results/paper_experiments/part3_investment_cost/RQ2_delta_gamma/formal_130runs_resumable_20260802_1530/seed_101/DELTA_02000_GAMMA_050,10x30|101|DELTA_02000_GAMMA_050
4,10x30,DELTA_03000_GAMMA_050,101,3000,0.5,COMPLETED,PASS,COMPLETED.ok,results/paper_experiments/part3_investment_cost/RQ2_delta_gamma/formal_130runs_resumable_20260802_1530/seed_101/DELTA_03000_GAMMA_050,10x30|101|DELTA_03000_GAMMA_050
5,10x30,DELTA_05000_GAMMA_050,101,5000,0.5,COMPLETED,PASS,COMPLETED.ok,results/paper_experiments/part3_investment_cost/RQ2_delta_gamma/formal_130runs_resumable_20260802_1530/seed_101/DELTA_05000_GAMMA_050,10x30|101|DELTA_05000_GAMMA_050
6,10x30,DELTA_10000_GAMMA_050,101,10000,0.5,COMPLETED,PASS,COMPLETED.ok,results/paper_experiments/part3_investment_cost/RQ2_delta_gamma/formal_130runs_resumable_20260802_1530/seed_101/DELTA_10000_GAMMA_050,10x30|101|DELTA_10000_GAMMA_050
7,10x30,DELTA_15000_GAMMA_050,101,15000,0.5,COMPLETED,PASS,COMPLETED.ok,results/paper_experiments/part3_investment_cost/RQ2_delta_gamma/formal_130runs_resumable_20260802_1530/seed_101/DELTA_15000_GAMMA_050,10x30|101|DELTA_15000_GAMMA_050
8,10x30,DELTA_03000_GAMMA_010,101,3000,0.1,COMPLETED,PASS,COMPLETED.ok,results/paper_experiments/part3_investment_cost/RQ2_delta_gamma/formal_130runs_resumable_20260802_1530/seed_101/DELTA_03000_GAMMA_010,10x30|101|DELTA_03000_GAMMA_010
9,10x30,DELTA_03000_GAMMA_030,101,3000,0.3,COMPLETED,PASS,COMPLETED.ok,results/paper_experiments/part3_investment_cost/RQ2_delta_gamma/formal_130runs_resumable_20260802_1530/seed_101/DELTA_03000_GAMMA_030,10x30|101|DELTA_03000_GAMMA_030
10,10x30,DELTA_03000_GAMMA_040,101,3000,0.4,COMPLETED,PASS,COMPLETED.ok,results/paper_experiments/part3_investment_cost/RQ2_delta_gamma/formal_130runs_resumable_20260802_1530/seed_101/DELTA_03000_GAMMA_040,10x30|101|DELTA_03000_GAMMA_040
11,10x30,DELTA_03000_GAMMA_060,101,3000,0.6,COMPLETED,PASS,COMPLETED.ok,results/paper_experiments/part3_investment_cost/RQ2_delta_gamma/formal_130runs_resumable_20260802_1530/seed_101/DELTA_03000_GAMMA_060,10x30|101|DELTA_03000_GAMMA_060
12,10x30,DELTA_03000_GAMMA_070,101,3000,0.7,COMPLETED,PASS,COMPLETED.ok,results/paper_experiments/part3_investment_cost/RQ2_delta_gamma/formal_130runs_resumable_20260802_1530/seed_101/DELTA_03000_GAMMA_070,10x30|101|DELTA_03000_GAMMA_070
13,10x30,DELTA_03000_GAMMA_090,101,3000,0.9,COMPLETED,PASS,COMPLETED.ok,results/paper_experiments/part3_investment_cost/RQ2_delta_gamma/formal_130runs_resumable_20260802_1530/seed_101/DELTA_03000_GAMMA_090,10x30|101|DELTA_03000_GAMMA_090
14,10x30,DELTA_00500_GAMMA_050,202,500,0.5,COMPLETED,PASS,COMPLETED.ok,results/paper_experiments/part3_investment_cost/RQ2_delta_gamma/formal_130runs_resumable_20260802_1530/seed_202/DELTA_00500_GAMMA_050,10x30|202|DELTA_00500_GAMMA_050
15,10x30,DELTA_01000_GAMMA_050,202,1000,0.5,COMPLETED,PASS,COMPLETED.ok,results/paper_experiments/part3_investment_cost/RQ2_delta_gamma/formal_130runs_resumable_20260802_1530/seed_202/DELTA_01000_GAMMA_050,10x30|202|DELTA_01000_GAMMA_050
16,10x30,DELTA_02000_GAMMA_050,202,2000,0.5,COMPLETED,PASS,COMPLETED.ok,results/paper_experiments/part3_investment_cost/RQ2_delta_gamma/formal_130runs_resumable_20260802_1530/seed_202/DELTA_02000_GAMMA_050,10x30|202|DELTA_02000_GAMMA_050
17,10x30,DELTA_03000_GAMMA_050,202,3000,0.5,COMPLETED,PASS,COMPLETED.ok,results/paper_experiments/part3_investment_cost/RQ2_delta_gamma/formal_130runs_resumable_20260802_1530/seed_202/DELTA_03000_GAMMA_050,10x30|202|DELTA_03000_GAMMA_050
18,10x30,DELTA_05000_GAMMA_050,202,5000,0.5,COMPLETED,PASS,COMPLETED.ok,results/paper_experiments/part3_investment_cost/RQ2_delta_gamma/formal_130runs_resumable_20260802_1530/seed_202/DELTA_05000_GAMMA_050,10x30|202|DELTA_05000_GAMMA_050
19,10x30,DELTA_10000_GAMMA_050,202,10000,0.5,COMPLETED,PASS,COMPLETED.ok,results/paper_experiments/part3_investment_cost/RQ2_delta_gamma/formal_130runs_resumable_20260802_1530/seed_202/DELTA_10000_GAMMA_050,10x30|202|DELTA_10000_GAMMA_050
20,10x30,DELTA_15000_GAMMA_050,202,15000,0.5,COMPLETED,PASS,COMPLETED.ok,results/paper_experiments/part3_investment_cost/RQ2_delta_gamma/formal_130runs_resumable_20260802_1530/seed_202/DELTA_15000_GAMMA_050,10x30|202|DELTA_15000_GAMMA_050
21,10x30,DELTA_03000_GAMMA_010,202,3000,0.1,COMPLETED,PASS,COMPLETED.ok,results/paper_experiments/part3_investment_cost/RQ2_delta_gamma/formal_130runs_resumable_20260802_1530/seed_202/DELTA_03000_GAMMA_010,10x30|202|DELTA_03000_GAMMA_010
22,10x30,DELTA_03000_GAMMA_030,202,3000,0.3,COMPLETED,PASS,COMPLETED.ok,results/paper_experiments/part3_investment_cost/RQ2_delta_gamma/formal_130runs_resumable_20260802_1530/seed_202/DELTA_03000_GAMMA_030,10x30|202|DELTA_03000_GAMMA_030
23,10x30,DELTA_03000_GAMMA_040,202,3000,0.4,COMPLETED,PASS,COMPLETED.ok,results/paper_experiments/part3_investment_cost/RQ2_delta_gamma/formal_130runs_resumable_20260802_1530/seed_202/DELTA_03000_GAMMA_040,10x30|202|DELTA_03000_GAMMA_040
24,10x30,DELTA_03000_GAMMA_060,202,3000,0.6,COMPLETED,PASS,COMPLETED.ok,results/paper_experiments/part3_investment_cost/RQ2_delta_gamma/formal_130runs_resumable_20260802_1530/seed_202/DELTA_03000_GAMMA_060,10x30|202|DELTA_03000_GAMMA_060
25,10x30,DELTA_03000_GAMMA_070,202,3000,0.7,COMPLETED,PASS,COMPLETED.ok,results/paper_experiments/part3_investment_cost/RQ2_delta_gamma/formal_130runs_resumable_20260802_1530/seed_202/DELTA_03000_GAMMA_070,10x30|202|DELTA_03000_GAMMA_070
26,10x30,DELTA_03000_GAMMA_090,202,3000,0.9,COMPLETED,PASS,COMPLETED.ok,results/paper_experiments/part3_investment_cost/RQ2_delta_gamma/formal_130runs_resumable_20260802_1530/seed_202/DELTA_03000_GAMMA_090,10x30|202|DELTA_03000_GAMMA_090
27,10x30,DELTA_00500_GAMMA_050,303,500,0.5,COMPLETED,PASS,COMPLETED.ok,results/paper_experiments/part3_investment_cost/RQ2_delta_gamma/formal_130runs_resumable_20260802_1530/seed_303/DELTA_00500_GAMMA_050,10x30|303|DELTA_00500_GAMMA_050
28,10x30,DELTA_01000_GAMMA_050,303,1000,0.5,COMPLETED,PASS,COMPLETED.ok,results/paper_experiments/part3_investment_cost/RQ2_delta_gamma/formal_130runs_resumable_20260802_1530/seed_303/DELTA_01000_GAMMA_050,10x30|303|DELTA_01000_GAMMA_050
29,10x30,DELTA_02000_GAMMA_050,303,2000,0.5,COMPLETED,PASS,COMPLETED.ok,results/paper_experiments/part3_investment_cost/RQ2_delta_gamma/formal_130runs_resumable_20260802_1530/seed_303/DELTA_02000_GAMMA_050,10x30|303|DELTA_02000_GAMMA_050
30,10x30,DELTA_03000_GAMMA_050,303,3000,0.5,COMPLETED,PASS,COMPLETED.ok,results/paper_experiments/part3_investment_cost/RQ2_delta_gamma/formal_130runs_resumable_20260802_1530/seed_303/DELTA_03000_GAMMA_050,10x30|303|DELTA_03000_GAMMA_050
31,10x30,DELTA_05000_GAMMA_050,303,5000,0.5,COMPLETED,PASS,COMPLETED.ok,results/paper_experiments/part3_investment_cost/RQ2_delta_gamma/formal_130runs_resumable_20260802_1530/seed_303/DELTA_05000_GAMMA_050,10x30|303|DELTA_05000_GAMMA_050
32,10x30,DELTA_10000_GAMMA_050,303,10000,0.5,COMPLETED,PASS,COMPLETED.ok,results/paper_experiments/part3_investment_cost/RQ2_delta_gamma/formal_130runs_resumable_20260802_1530/seed_303/DELTA_10000_GAMMA_050,10x30|303|DELTA_10000_GAMMA_050
33,10x30,DELTA_15000_GAMMA_050,303,15000,0.5,COMPLETED,PASS,COMPLETED.ok,results/paper_experiments/part3_investment_cost/RQ2_delta_gamma/formal_130runs_resumable_20260802_1530/seed_303/DELTA_15000_GAMMA_050,10x30|303|DELTA_15000_GAMMA_050
34,10x30,DELTA_03000_GAMMA_010,303,3000,0.1,COMPLETED,PASS,COMPLETED.ok,results/paper_experiments/part3_investment_cost/RQ2_delta_gamma/formal_130runs_resumable_20260802_1530/seed_303/DELTA_03000_GAMMA_010,10x30|303|DELTA_03000_GAMMA_010
35,10x30,DELTA_03000_GAMMA_030,303,3000,0.3,COMPLETED,PASS,COMPLETED.ok,results/paper_experiments/part3_investment_cost/RQ2_delta_gamma/formal_130runs_resumable_20260802_1530/seed_303/DELTA_03000_GAMMA_030,10x30|303|DELTA_03000_GAMMA_030
36,10x30,DELTA_03000_GAMMA_040,303,3000,0.4,COMPLETED,PASS,COMPLETED.ok,results/paper_experiments/part3_investment_cost/RQ2_delta_gamma/formal_130runs_resumable_20260802_1530/seed_303/DELTA_03000_GAMMA_040,10x30|303|DELTA_03000_GAMMA_040
37,10x30,DELTA_03000_GAMMA_060,303,3000,0.6,COMPLETED,PASS,COMPLETED.ok,results/paper_experiments/part3_investment_cost/RQ2_delta_gamma/formal_130runs_resumable_20260802_1530/seed_303/DELTA_03000_GAMMA_060,10x30|303|DELTA_03000_GAMMA_060
38,10x30,DELTA_03000_GAMMA_070,303,3000,0.7,COMPLETED,PASS,COMPLETED.ok,results/paper_experiments/part3_investment_cost/RQ2_delta_gamma/formal_130runs_resumable_20260802_1530/seed_303/DELTA_03000_GAMMA_070,10x30|303|DELTA_03000_GAMMA_070
39,10x30,DELTA_03000_GAMMA_090,303,3000,0.9,COMPLETED,PASS,COMPLETED.ok,results/paper_experiments/part3_investment_cost/RQ2_delta_gamma/formal_130runs_resumable_20260802_1530/seed_303/DELTA_03000_GAMMA_090,10x30|303|DELTA_03000_GAMMA_090
40,10x30,DELTA_00500_GAMMA_050,404,500,0.5,COMPLETED,PASS,COMPLETED.ok,results/paper_experiments/part3_investment_cost/RQ2_delta_gamma/formal_130runs_resumable_20260802_1530/seed_404/DELTA_00500_GAMMA_050,10x30|404|DELTA_00500_GAMMA_050
41,10x30,DELTA_01000_GAMMA_050,404,1000,0.5,COMPLETED,PASS,COMPLETED.ok,results/paper_experiments/part3_investment_cost/RQ2_delta_gamma/formal_130runs_resumable_20260802_1530/seed_404/DELTA_01000_GAMMA_050,10x30|404|DELTA_01000_GAMMA_050
42,10x30,DELTA_02000_GAMMA_050,404,2000,0.5,COMPLETED,PASS,COMPLETED.ok,results/paper_experiments/part3_investment_cost/RQ2_delta_gamma/formal_130runs_resumable_20260802_1530/seed_404/DELTA_02000_GAMMA_050,10x30|404|DELTA_02000_GAMMA_050
43,10x30,DELTA_03000_GAMMA_050,404,3000,0.5,COMPLETED,PASS,COMPLETED.ok,results/paper_experiments/part3_investment_cost/RQ2_delta_gamma/formal_130runs_resumable_20260802_1530/seed_404/DELTA_03000_GAMMA_050,10x30|404|DELTA_03000_GAMMA_050
44,10x30,DELTA_05000_GAMMA_050,404,5000,0.5,COMPLETED,PASS,COMPLETED.ok,results/paper_experiments/part3_investment_cost/RQ2_delta_gamma/formal_130runs_resumable_20260802_1530/seed_404/DELTA_05000_GAMMA_050,10x30|404|DELTA_05000_GAMMA_050
45,10x30,DELTA_10000_GAMMA_050,404,10000,0.5,COMPLETED,PASS,COMPLETED.ok,results/paper_experiments/part3_investment_cost/RQ2_delta_gamma/formal_130runs_resumable_20260802_1530/seed_404/DELTA_10000_GAMMA_050,10x30|404|DELTA_10000_GAMMA_050
46,10x30,DELTA_15000_GAMMA_050,404,15000,0.5,COMPLETED,PASS,COMPLETED.ok,results/paper_experiments/part3_investment_cost/RQ2_delta_gamma/formal_130runs_resumable_20260802_1530/seed_404/DELTA_15000_GAMMA_050,10x30|404|DELTA_15000_GAMMA_050
47,10x30,DELTA_03000_GAMMA_010,404,3000,0.1,COMPLETED,PASS,COMPLETED.ok,results/paper_experiments/part3_investment_cost/RQ2_delta_gamma/formal_130runs_resumable_20260802_1530/seed_404/DELTA_03000_GAMMA_010,10x30|404|DELTA_03000_GAMMA_010
48,10x30,DELTA_03000_GAMMA_030,404,3000,0.3,COMPLETED,PASS,COMPLETED.ok,results/paper_experiments/part3_investment_cost/RQ2_delta_gamma/formal_130runs_resumable_20260802_1530/seed_404/DELTA_03000_GAMMA_030,10x30|404|DELTA_03000_GAMMA_030
49,10x30,DELTA_03000_GAMMA_040,404,3000,0.4,COMPLETED,PASS,COMPLETED.ok,results/paper_experiments/part3_investment_cost/RQ2_delta_gamma/formal_130runs_resumable_20260802_1530/seed_404/DELTA_03000_GAMMA_040,10x30|404|DELTA_03000_GAMMA_040
50,10x30,DELTA_03000_GAMMA_060,404,3000,0.6,COMPLETED,PASS,COMPLETED.ok,results/paper_experiments/part3_investment_cost/RQ2_delta_gamma/formal_130runs_resumable_20260802_1530/seed_404/DELTA_03000_GAMMA_060,10x30|404|DELTA_03000_GAMMA_060
51,10x30,DELTA_03000_GAMMA_070,404,3000,0.7,COMPLETED,PASS,COMPLETED.ok,results/paper_experiments/part3_investment_cost/RQ2_delta_gamma/formal_130runs_resumable_20260802_1530/seed_404/DELTA_03000_GAMMA_070,10x30|404|DELTA_03000_GAMMA_070
52,10x30,DELTA_03000_GAMMA_090,404,3000,0.9,COMPLETED,PASS,COMPLETED.ok,results/paper_experiments/part3_investment_cost/RQ2_delta_gamma/formal_130runs_resumable_20260802_1530/seed_404/DELTA_03000_GAMMA_090,10x30|404|DELTA_03000_GAMMA_090
53,10x30,DELTA_00500_GAMMA_050,505,500,0.5,COMPLETED,PASS,COMPLETED.ok,results/paper_experiments/part3_investment_cost/RQ2_delta_gamma/formal_130runs_resumable_20260802_1530/seed_505/DELTA_00500_GAMMA_050,10x30|505|DELTA_00500_GAMMA_050
54,10x30,DELTA_01000_GAMMA_050,505,1000,0.5,COMPLETED,PASS,COMPLETED.ok,results/paper_experiments/part3_investment_cost/RQ2_delta_gamma/formal_130runs_resumable_20260802_1530/seed_505/DELTA_01000_GAMMA_050,10x30|505|DELTA_01000_GAMMA_050
55,10x30,DELTA_02000_GAMMA_050,505,2000,0.5,COMPLETED,PASS,COMPLETED.ok,results/paper_experiments/part3_investment_cost/RQ2_delta_gamma/formal_130runs_resumable_20260802_1530/seed_505/DELTA_02000_GAMMA_050,10x30|505|DELTA_02000_GAMMA_050
56,10x30,DELTA_03000_GAMMA_050,505,3000,0.5,COMPLETED,PASS,COMPLETED.ok,results/paper_experiments/part3_investment_cost/RQ2_delta_gamma/formal_130runs_resumable_20260802_1530/seed_505/DELTA_03000_GAMMA_050,10x30|505|DELTA_03000_GAMMA_050
57,10x30,DELTA_05000_GAMMA_050,505,5000,0.5,COMPLETED,PASS,COMPLETED.ok,results/paper_experiments/part3_investment_cost/RQ2_delta_gamma/formal_130runs_resumable_20260802_1530/seed_505/DELTA_05000_GAMMA_050,10x30|505|DELTA_05000_GAMMA_050
58,10x30,DELTA_10000_GAMMA_050,505,10000,0.5,COMPLETED,PASS,COMPLETED.ok,results/paper_experiments/part3_investment_cost/RQ2_delta_gamma/formal_130runs_resumable_20260802_1530/seed_505/DELTA_10000_GAMMA_050,10x30|505|DELTA_10000_GAMMA_050
59,10x30,DELTA_15000_GAMMA_050,505,15000,0.5,COMPLETED,PASS,COMPLETED.ok,results/paper_experiments/part3_investment_cost/RQ2_delta_gamma/formal_130runs_resumable_20260802_1530/seed_505/DELTA_15000_GAMMA_050,10x30|505|DELTA_15000_GAMMA_050
60,10x30,DELTA_03000_GAMMA_010,505,3000,0.1,COMPLETED,PASS,COMPLETED.ok,results/paper_experiments/part3_investment_cost/RQ2_delta_gamma/formal_130runs_resumable_20260802_1530/seed_505/DELTA_03000_GAMMA_010,10x30|505|DELTA_03000_GAMMA_010
61,10x30,DELTA_03000_GAMMA_030,505,3000,0.3,COMPLETED,PASS,COMPLETED.ok,results/paper_experiments/part3_investment_cost/RQ2_delta_gamma/formal_130runs_resumable_20260802_1530/seed_505/DELTA_03000_GAMMA_030,10x30|505|DELTA_03000_GAMMA_030
62,10x30,DELTA_03000_GAMMA_040,505,3000,0.4,COMPLETED,PASS,COMPLETED.ok,results/paper_experiments/part3_investment_cost/RQ2_delta_gamma/formal_130runs_resumable_20260802_1530/seed_505/DELTA_03000_GAMMA_040,10x30|505|DELTA_03000_GAMMA_040
63,10x30,DELTA_03000_GAMMA_060,505,3000,0.6,COMPLETED,PASS,COMPLETED.ok,results/paper_experiments/part3_investment_cost/RQ2_delta_gamma/formal_130runs_resumable_20260802_1530/seed_505/DELTA_03000_GAMMA_060,10x30|505|DELTA_03000_GAMMA_060
64,10x30,DELTA_03000_GAMMA_070,505,3000,0.7,COMPLETED,PASS,COMPLETED.ok,results/paper_experiments/part3_investment_cost/RQ2_delta_gamma/formal_130runs_resumable_20260802_1530/seed_505/DELTA_03000_GAMMA_070,10x30|505|DELTA_03000_GAMMA_070
65,10x30,DELTA_03000_GAMMA_090,505,3000,0.9,COMPLETED,PASS,COMPLETED.ok,results/paper_experiments/part3_investment_cost/RQ2_delta_gamma/formal_130runs_resumable_20260802_1530/seed_505/DELTA_03000_GAMMA_090,10x30|505|DELTA_03000_GAMMA_090
66,10x30,DELTA_00500_GAMMA_050,606,500,0.5,COMPLETED,PASS,COMPLETED.ok,results/paper_experiments/part3_investment_cost/RQ2_delta_gamma/formal_130runs_resumable_20260802_1530/seed_606/DELTA_00500_GAMMA_050,10x30|606|DELTA_00500_GAMMA_050
67,10x30,DELTA_01000_GAMMA_050,606,1000,0.5,COMPLETED,PASS,COMPLETED.ok,results/paper_experiments/part3_investment_cost/RQ2_delta_gamma/formal_130runs_resumable_20260802_1530/seed_606/DELTA_01000_GAMMA_050,10x30|606|DELTA_01000_GAMMA_050
68,10x30,DELTA_02000_GAMMA_050,606,2000,0.5,COMPLETED,PASS,COMPLETED.ok,results/paper_experiments/part3_investment_cost/RQ2_delta_gamma/formal_130runs_resumable_20260802_1530/seed_606/DELTA_02000_GAMMA_050,10x30|606|DELTA_02000_GAMMA_050
69,10x30,DELTA_03000_GAMMA_050,606,3000,0.5,COMPLETED,PASS,COMPLETED.ok,results/paper_experiments/part3_investment_cost/RQ2_delta_gamma/formal_130runs_resumable_20260802_1530/seed_606/DELTA_03000_GAMMA_050,10x30|606|DELTA_03000_GAMMA_050
70,10x30,DELTA_05000_GAMMA_050,606,5000,0.5,COMPLETED,PASS,COMPLETED.ok,results/paper_experiments/part3_investment_cost/RQ2_delta_gamma/formal_130runs_resumable_20260802_1530/seed_606/DELTA_05000_GAMMA_050,10x30|606|DELTA_05000_GAMMA_050
71,10x30,DELTA_10000_GAMMA_050,606,10000,0.5,COMPLETED,PASS,COMPLETED.ok,results/paper_experiments/part3_investment_cost/RQ2_delta_gamma/formal_130runs_resumable_20260802_1530/seed_606/DELTA_10000_GAMMA_050,10x30|606|DELTA_10000_GAMMA_050
72,10x30,DELTA_15000_GAMMA_050,606,15000,0.5,COMPLETED,PASS,COMPLETED.ok,results/paper_experiments/part3_investment_cost/RQ2_delta_gamma/formal_130runs_resumable_20260802_1530/seed_606/DELTA_15000_GAMMA_050,10x30|606|DELTA_15000_GAMMA_050
73,10x30,DELTA_03000_GAMMA_010,606,3000,0.1,COMPLETED,PASS,COMPLETED.ok,results/paper_experiments/part3_investment_cost/RQ2_delta_gamma/formal_130runs_resumable_20260802_1530/seed_606/DELTA_03000_GAMMA_010,10x30|606|DELTA_03000_GAMMA_010
74,10x30,DELTA_03000_GAMMA_030,606,3000,0.3,COMPLETED,PASS,COMPLETED.ok,results/paper_experiments/part3_investment_cost/RQ2_delta_gamma/formal_130runs_resumable_20260802_1530/seed_606/DELTA_03000_GAMMA_030,10x30|606|DELTA_03000_GAMMA_030
75,10x30,DELTA_03000_GAMMA_040,606,3000,0.4,COMPLETED,PASS,COMPLETED.ok,results/paper_experiments/part3_investment_cost/RQ2_delta_gamma/formal_130runs_resumable_20260802_1530/seed_606/DELTA_03000_GAMMA_040,10x30|606|DELTA_03000_GAMMA_040
76,10x30,DELTA_03000_GAMMA_060,606,3000,0.6,COMPLETED,PASS,COMPLETED.ok,results/paper_experiments/part3_investment_cost/RQ2_delta_gamma/formal_130runs_resumable_20260802_1530/seed_606/DELTA_03000_GAMMA_060,10x30|606|DELTA_03000_GAMMA_060
77,10x30,DELTA_03000_GAMMA_070,606,3000,0.7,COMPLETED,PASS,COMPLETED.ok,results/paper_experiments/part3_investment_cost/RQ2_delta_gamma/formal_130runs_resumable_20260802_1530/seed_606/DELTA_03000_GAMMA_070,10x30|606|DELTA_03000_GAMMA_070
78,10x30,DELTA_03000_GAMMA_090,606,3000,0.9,COMPLETED,PASS,COMPLETED.ok,results/paper_experiments/part3_investment_cost/RQ2_delta_gamma/formal_130runs_resumable_20260802_1530/seed_606/DELTA_03000_GAMMA_090,10x30|606|DELTA_03000_GAMMA_090
79,10x30,DELTA_00500_GAMMA_050,707,500,0.5,COMPLETED,PASS,COMPLETED.ok,results/paper_experiments/part3_investment_cost/RQ2_delta_gamma/formal_130runs_resumable_20260802_1530/seed_707/DELTA_00500_GAMMA_050,10x30|707|DELTA_00500_GAMMA_050
80,10x30,DELTA_01000_GAMMA_050,707,1000,0.5,COMPLETED,PASS,COMPLETED.ok,results/paper_experiments/part3_investment_cost/RQ2_delta_gamma/formal_130runs_resumable_20260802_1530/seed_707/DELTA_01000_GAMMA_050,10x30|707|DELTA_01000_GAMMA_050
81,10x30,DELTA_02000_GAMMA_050,707,2000,0.5,COMPLETED,PASS,COMPLETED.ok,results/paper_experiments/part3_investment_cost/RQ2_delta_gamma/formal_130runs_resumable_20260802_1530/seed_707/DELTA_02000_GAMMA_050,10x30|707|DELTA_02000_GAMMA_050
82,10x30,DELTA_03000_GAMMA_050,707,3000,0.5,COMPLETED,PASS,COMPLETED.ok,results/paper_experiments/part3_investment_cost/RQ2_delta_gamma/formal_130runs_resumable_20260802_1530/seed_707/DELTA_03000_GAMMA_050,10x30|707|DELTA_03000_GAMMA_050
83,10x30,DELTA_05000_GAMMA_050,707,5000,0.5,COMPLETED,PASS,COMPLETED.ok,results/paper_experiments/part3_investment_cost/RQ2_delta_gamma/formal_130runs_resumable_20260802_1530/seed_707/DELTA_05000_GAMMA_050,10x30|707|DELTA_05000_GAMMA_050
84,10x30,DELTA_10000_GAMMA_050,707,10000,0.5,COMPLETED,PASS,COMPLETED.ok,results/paper_experiments/part3_investment_cost/RQ2_delta_gamma/formal_130runs_resumable_20260802_1530/seed_707/DELTA_10000_GAMMA_050,10x30|707|DELTA_10000_GAMMA_050
85,10x30,DELTA_15000_GAMMA_050,707,15000,0.5,COMPLETED,PASS,COMPLETED.ok,results/paper_experiments/part3_investment_cost/RQ2_delta_gamma/formal_130runs_resumable_20260802_1530/seed_707/DELTA_15000_GAMMA_050,10x30|707|DELTA_15000_GAMMA_050
86,10x30,DELTA_03000_GAMMA_010,707,3000,0.1,COMPLETED,PASS,COMPLETED.ok,results/paper_experiments/part3_investment_cost/RQ2_delta_gamma/formal_130runs_resumable_20260802_1530/seed_707/DELTA_03000_GAMMA_010,10x30|707|DELTA_03000_GAMMA_010
87,10x30,DELTA_03000_GAMMA_030,707,3000,0.3,COMPLETED,PASS,COMPLETED.ok,results/paper_experiments/part3_investment_cost/RQ2_delta_gamma/formal_130runs_resumable_20260802_1530/seed_707/DELTA_03000_GAMMA_030,10x30|707|DELTA_03000_GAMMA_030
88,10x30,DELTA_03000_GAMMA_040,707,3000,0.4,COMPLETED,PASS,COMPLETED.ok,results/paper_experiments/part3_investment_cost/RQ2_delta_gamma/formal_130runs_resumable_20260802_1530/seed_707/DELTA_03000_GAMMA_040,10x30|707|DELTA_03000_GAMMA_040
89,10x30,DELTA_03000_GAMMA_060,707,3000,0.6,COMPLETED,PASS,COMPLETED.ok,results/paper_experiments/part3_investment_cost/RQ2_delta_gamma/formal_130runs_resumable_20260802_1530/seed_707/DELTA_03000_GAMMA_060,10x30|707|DELTA_03000_GAMMA_060
90,10x30,DELTA_03000_GAMMA_070,707,3000,0.7,COMPLETED,PASS,COMPLETED.ok,results/paper_experiments/part3_investment_cost/RQ2_delta_gamma/formal_130runs_resumable_20260802_1530/seed_707/DELTA_03000_GAMMA_070,10x30|707|DELTA_03000_GAMMA_070
91,10x30,DELTA_03000_GAMMA_090,707,3000,0.9,COMPLETED,PASS,COMPLETED.ok,results/paper_experiments/part3_investment_cost/RQ2_delta_gamma/formal_130runs_resumable_20260802_1530/seed_707/DELTA_03000_GAMMA_090,10x30|707|DELTA_03000_GAMMA_090
92,10x30,DELTA_00500_GAMMA_050,808,500,0.5,COMPLETED,PASS,COMPLETED.ok,results/paper_experiments/part3_investment_cost/RQ2_delta_gamma/formal_130runs_resumable_20260802_1530/seed_808/DELTA_00500_GAMMA_050,10x30|808|DELTA_00500_GAMMA_050
93,10x30,DELTA_01000_GAMMA_050,808,1000,0.5,COMPLETED,PASS,COMPLETED.ok,results/paper_experiments/part3_investment_cost/RQ2_delta_gamma/formal_130runs_resumable_20260802_1530/seed_808/DELTA_01000_GAMMA_050,10x30|808|DELTA_01000_GAMMA_050
94,10x30,DELTA_02000_GAMMA_050,808,2000,0.5,COMPLETED,PASS,COMPLETED.ok,results/paper_experiments/part3_investment_cost/RQ2_delta_gamma/formal_130runs_resumable_20260802_1530/seed_808/DELTA_02000_GAMMA_050,10x30|808|DELTA_02000_GAMMA_050
95,10x30,DELTA_03000_GAMMA_050,808,3000,0.5,COMPLETED,PASS,COMPLETED.ok,results/paper_experiments/part3_investment_cost/RQ2_delta_gamma/formal_130runs_resumable_20260802_1530/seed_808/DELTA_03000_GAMMA_050,10x30|808|DELTA_03000_GAMMA_050
96,10x30,DELTA_05000_GAMMA_050,808,5000,0.5,COMPLETED,PASS,COMPLETED.ok,results/paper_experiments/part3_investment_cost/RQ2_delta_gamma/formal_130runs_resumable_20260802_1530/seed_808/DELTA_05000_GAMMA_050,10x30|808|DELTA_05000_GAMMA_050
97,10x30,DELTA_10000_GAMMA_050,808,10000,0.5,COMPLETED,PASS,COMPLETED.ok,results/paper_experiments/part3_investment_cost/RQ2_delta_gamma/formal_130runs_resumable_20260802_1530/seed_808/DELTA_10000_GAMMA_050,10x30|808|DELTA_10000_GAMMA_050
98,10x30,DELTA_15000_GAMMA_050,808,15000,0.5,COMPLETED,PASS,COMPLETED.ok,results/paper_experiments/part3_investment_cost/RQ2_delta_gamma/formal_130runs_resumable_20260802_1530/seed_808/DELTA_15000_GAMMA_050,10x30|808|DELTA_15000_GAMMA_050
99,10x30,DELTA_03000_GAMMA_010,808,3000,0.1,COMPLETED,PASS,COMPLETED.ok,results/paper_experiments/part3_investment_cost/RQ2_delta_gamma/formal_130runs_resumable_20260802_1530/seed_808/DELTA_03000_GAMMA_010,10x30|808|DELTA_03000_GAMMA_010
100,10x30,DELTA_03000_GAMMA_030,808,3000,0.3,COMPLETED,PASS,COMPLETED.ok,results/paper_experiments/part3_investment_cost/RQ2_delta_gamma/formal_130runs_resumable_20260802_1530/seed_808/DELTA_03000_GAMMA_030,10x30|808|DELTA_03000_GAMMA_030
101,10x30,DELTA_03000_GAMMA_040,808,3000,0.4,COMPLETED,PASS,COMPLETED.ok,results/paper_experiments/part3_investment_cost/RQ2_delta_gamma/formal_130runs_resumable_20260802_1530/seed_808/DELTA_03000_GAMMA_040,10x30|808|DELTA_03000_GAMMA_040
102,10x30,DELTA_03000_GAMMA_060,808,3000,0.6,COMPLETED,PASS,COMPLETED.ok,results/paper_experiments/part3_investment_cost/RQ2_delta_gamma/formal_130runs_resumable_20260802_1530/seed_808/DELTA_03000_GAMMA_060,10x30|808|DELTA_03000_GAMMA_060
103,10x30,DELTA_03000_GAMMA_070,808,3000,0.7,COMPLETED,PASS,COMPLETED.ok,results/paper_experiments/part3_investment_cost/RQ2_delta_gamma/formal_130runs_resumable_20260802_1530/seed_808/DELTA_03000_GAMMA_070,10x30|808|DELTA_03000_GAMMA_070
104,10x30,DELTA_03000_GAMMA_090,808,3000,0.9,COMPLETED,PASS,COMPLETED.ok,results/paper_experiments/part3_investment_cost/RQ2_delta_gamma/formal_130runs_resumable_20260802_1530/seed_808/DELTA_03000_GAMMA_090,10x30|808|DELTA_03000_GAMMA_090
105,10x30,DELTA_00500_GAMMA_050,909,500,0.5,COMPLETED,PASS,COMPLETED.ok,results/paper_experiments/part3_investment_cost/RQ2_delta_gamma/formal_130runs_resumable_20260802_1530/seed_909/DELTA_00500_GAMMA_050,10x30|909|DELTA_00500_GAMMA_050
106,10x30,DELTA_01000_GAMMA_050,909,1000,0.5,COMPLETED,PASS,COMPLETED.ok,results/paper_experiments/part3_investment_cost/RQ2_delta_gamma/formal_130runs_resumable_20260802_1530/seed_909/DELTA_01000_GAMMA_050,10x30|909|DELTA_01000_GAMMA_050
107,10x30,DELTA_02000_GAMMA_050,909,2000,0.5,COMPLETED,PASS,COMPLETED.ok,results/paper_experiments/part3_investment_cost/RQ2_delta_gamma/formal_130runs_resumable_20260802_1530/seed_909/DELTA_02000_GAMMA_050,10x30|909|DELTA_02000_GAMMA_050
108,10x30,DELTA_03000_GAMMA_050,909,3000,0.5,COMPLETED,PASS,COMPLETED.ok,results/paper_experiments/part3_investment_cost/RQ2_delta_gamma/formal_130runs_resumable_20260802_1530/seed_909/DELTA_03000_GAMMA_050,10x30|909|DELTA_03000_GAMMA_050
109,10x30,DELTA_05000_GAMMA_050,909,5000,0.5,COMPLETED,PASS,COMPLETED.ok,results/paper_experiments/part3_investment_cost/RQ2_delta_gamma/formal_130runs_resumable_20260802_1530/seed_909/DELTA_05000_GAMMA_050,10x30|909|DELTA_05000_GAMMA_050
110,10x30,DELTA_10000_GAMMA_050,909,10000,0.5,COMPLETED,PASS,COMPLETED.ok,results/paper_experiments/part3_investment_cost/RQ2_delta_gamma/formal_130runs_resumable_20260802_1530/seed_909/DELTA_10000_GAMMA_050,10x30|909|DELTA_10000_GAMMA_050
111,10x30,DELTA_15000_GAMMA_050,909,15000,0.5,COMPLETED,PASS,COMPLETED.ok,results/paper_experiments/part3_investment_cost/RQ2_delta_gamma/formal_130runs_resumable_20260802_1530/seed_909/DELTA_15000_GAMMA_050,10x30|909|DELTA_15000_GAMMA_050
112,10x30,DELTA_03000_GAMMA_010,909,3000,0.1,COMPLETED,PASS,COMPLETED.ok,results/paper_experiments/part3_investment_cost/RQ2_delta_gamma/formal_130runs_resumable_20260802_1530/seed_909/DELTA_03000_GAMMA_010,10x30|909|DELTA_03000_GAMMA_010
113,10x30,DELTA_03000_GAMMA_030,909,3000,0.3,COMPLETED,PASS,COMPLETED.ok,results/paper_experiments/part3_investment_cost/RQ2_delta_gamma/formal_130runs_resumable_20260802_1530/seed_909/DELTA_03000_GAMMA_030,10x30|909|DELTA_03000_GAMMA_030
114,10x30,DELTA_03000_GAMMA_040,909,3000,0.4,COMPLETED,PASS,COMPLETED.ok,results/paper_experiments/part3_investment_cost/RQ2_delta_gamma/formal_130runs_resumable_20260802_1530/seed_909/DELTA_03000_GAMMA_040,10x30|909|DELTA_03000_GAMMA_040
115,10x30,DELTA_03000_GAMMA_060,909,3000,0.6,COMPLETED,PASS,COMPLETED.ok,results/paper_experiments/part3_investment_cost/RQ2_delta_gamma/formal_130runs_resumable_20260802_1530/seed_909/DELTA_03000_GAMMA_060,10x30|909|DELTA_03000_GAMMA_060
116,10x30,DELTA_03000_GAMMA_070,909,3000,0.7,COMPLETED,PASS,COMPLETED.ok,results/paper_experiments/part3_investment_cost/RQ2_delta_gamma/formal_130runs_resumable_20260802_1530/seed_909/DELTA_03000_GAMMA_070,10x30|909|DELTA_03000_GAMMA_070
117,10x30,DELTA_03000_GAMMA_090,909,3000,0.9,COMPLETED,PASS,COMPLETED.ok,results/paper_experiments/part3_investment_cost/RQ2_delta_gamma/formal_130runs_resumable_20260802_1530/seed_909/DELTA_03000_GAMMA_090,10x30|909|DELTA_03000_GAMMA_090
118,10x30,DELTA_00500_GAMMA_050,1010,500,0.5,COMPLETED,PASS,COMPLETED.ok,results/paper_experiments/part3_investment_cost/RQ2_delta_gamma/formal_130runs_resumable_20260802_1530/seed_1010/DELTA_00500_GAMMA_050,10x30|1010|DELTA_00500_GAMMA_050
119,10x30,DELTA_01000_GAMMA_050,1010,1000,0.5,COMPLETED,PASS,COMPLETED.ok,results/paper_experiments/part3_investment_cost/RQ2_delta_gamma/formal_130runs_resumable_20260802_1530/seed_1010/DELTA_01000_GAMMA_050,10x30|1010|DELTA_01000_GAMMA_050
120,10x30,DELTA_02000_GAMMA_050,1010,2000,0.5,COMPLETED,PASS,COMPLETED.ok,results/paper_experiments/part3_investment_cost/RQ2_delta_gamma/formal_130runs_resumable_20260802_1530/seed_1010/DELTA_02000_GAMMA_050,10x30|1010|DELTA_02000_GAMMA_050
121,10x30,DELTA_03000_GAMMA_050,1010,3000,0.5,COMPLETED,PASS,COMPLETED.ok,results/paper_experiments/part3_investment_cost/RQ2_delta_gamma/formal_130runs_resumable_20260802_1530/seed_1010/DELTA_03000_GAMMA_050,10x30|1010|DELTA_03000_GAMMA_050
122,10x30,DELTA_05000_GAMMA_050,1010,5000,0.5,COMPLETED,PASS,COMPLETED.ok,results/paper_experiments/part3_investment_cost/RQ2_delta_gamma/formal_130runs_resumable_20260802_1530/seed_1010/DELTA_05000_GAMMA_050,10x30|1010|DELTA_05000_GAMMA_050
123,10x30,DELTA_10000_GAMMA_050,1010,10000,0.5,COMPLETED,PASS,COMPLETED.ok,results/paper_experiments/part3_investment_cost/RQ2_delta_gamma/formal_130runs_resumable_20260802_1530/seed_1010/DELTA_10000_GAMMA_050,10x30|1010|DELTA_10000_GAMMA_050
124,10x30,DELTA_15000_GAMMA_050,1010,15000,0.5,COMPLETED,PASS,COMPLETED.ok,results/paper_experiments/part3_investment_cost/RQ2_delta_gamma/formal_130runs_resumable_20260802_1530/seed_1010/DELTA_15000_GAMMA_050,10x30|1010|DELTA_15000_GAMMA_050
125,10x30,DELTA_03000_GAMMA_010,1010,3000,0.1,COMPLETED,PASS,COMPLETED.ok,results/paper_experiments/part3_investment_cost/RQ2_delta_gamma/formal_130runs_resumable_20260802_1530/seed_1010/DELTA_03000_GAMMA_010,10x30|1010|DELTA_03000_GAMMA_010
126,10x30,DELTA_03000_GAMMA_030,1010,3000,0.3,COMPLETED,PASS,COMPLETED.ok,results/paper_experiments/part3_investment_cost/RQ2_delta_gamma/formal_130runs_resumable_20260802_1530/seed_1010/DELTA_03000_GAMMA_030,10x30|1010|DELTA_03000_GAMMA_030
127,10x30,DELTA_03000_GAMMA_040,1010,3000,0.4,COMPLETED,PASS,COMPLETED.ok,results/paper_experiments/part3_investment_cost/RQ2_delta_gamma/formal_130runs_resumable_20260802_1530/seed_1010/DELTA_03000_GAMMA_040,10x30|1010|DELTA_03000_GAMMA_040
128,10x30,DELTA_03000_GAMMA_060,1010,3000,0.6,COMPLETED,PASS,COMPLETED.ok,results/paper_experiments/part3_investment_cost/RQ2_delta_gamma/formal_130runs_resumable_20260802_1530/seed_1010/DELTA_03000_GAMMA_060,10x30|1010|DELTA_03000_GAMMA_060
129,10x30,DELTA_03000_GAMMA_070,1010,3000,0.7,COMPLETED,PASS,COMPLETED.ok,results/paper_experiments/part3_investment_cost/RQ2_delta_gamma/formal_130runs_resumable_20260802_1530/seed_1010/DELTA_03000_GAMMA_070,10x30|1010|DELTA_03000_GAMMA_070
130,10x30,DELTA_03000_GAMMA_090,1010,3000,0.9,COMPLETED,PASS,COMPLETED.ok,results/paper_experiments/part3_investment_cost/RQ2_delta_gamma/formal_130runs_resumable_20260802_1530/seed_1010/DELTA_03000_GAMMA_090,10x30|1010|DELTA_03000_GAMMA_090
