dc_id,market_id,distance_0,distance_10,cost_0,cost_10,emission_0,emission_10,changed
C01,C01,0,10,0,3.9,0,0.0006996,true
C01,C02,299.202,299.202,116.689,116.689,0.0209322,0.0209322,false
C01,C03,95.671,95.671,37.3118,37.3118,0.00669314,0.00669314,false
C01,C04,136.153,136.153,53.0997,53.0997,0.00952526,0.00952526,false
C01,C05,179.239,179.239,69.9031,69.9031,0.0125396,0.0125396,false
C01,C06,217.906,217.906,84.9833,84.9833,0.0152447,0.0152447,false
C01,C07,466.45,466.45,181.915,181.915,0.0326328,0.0326328,false
C01,C08,101.831,101.831,39.714,39.714,0.0071241,0.0071241,false
C01,M09,176.949,176.949,69.0102,69.0102,0.0123794,0.0123794,false
C01,M10,121.325,121.325,47.3168,47.3168,0.0084879,0.0084879,false
C01,M11,232.896,232.896,90.8295,90.8295,0.0162934,0.0162934,false
C01,M12,191.466,191.466,74.6719,74.6719,0.013395,0.013395,false
C01,M13,151.824,151.824,59.2112,59.2112,0.0106216,0.0106216,false
C01,M14,350.464,350.464,136.681,136.681,0.0245185,0.0245185,false
C01,M15,331.999,331.999,129.48,129.48,0.0232267,0.0232267,false
C02,C01,295.938,295.938,115.416,115.416,0.0207038,0.0207038,false
C02,C02,0,10,0,3.9,0,0.0006996,true
C02,C03,215.171,215.171,83.9168,83.9168,0.0150534,0.0150534,false
C02,C04,185.517,185.517,72.3517,72.3517,0.0129788,0.0129788,false
C02,C05,272.235,272.235,106.172,106.172,0.0190456,0.0190456,false
C02,C06,413.439,413.439,161.241,161.241,0.0289242,0.0289242,false
C02,C07,170.181,170.181,66.3705,66.3705,0.0119059,0.0119059,false
C02,C08,282.828,282.828,110.303,110.303,0.0197866,0.0197866,false
C02,M09,129.149,129.149,50.3679,50.3679,0.00903526,0.00903526,false
C02,M10,236.325,236.325,92.1668,92.1668,0.0165333,0.0165333,false
C02,M11,149.428,149.428,58.2768,58.2768,0.010454,0.010454,false
C02,M12,326.862,326.862,127.476,127.476,0.0228673,0.0228673,false
C02,M13,200.417,200.417,78.1626,78.1626,0.0140212,0.0140212,false
C02,M14,101.608,101.608,39.627,39.627,0.0071085,0.0071085,false
C02,M15,401.741,401.741,156.679,156.679,0.0281058,0.0281058,false
C03,C01,94.432,94.432,36.8285,36.8285,0.00660646,0.00660646,false
C03,C02,214.664,214.664,83.719,83.719,0.0150179,0.0150179,false
C03,C03,0,10,0,3.9,0,0.0006996,true
C03,C04,42.166,42.166,16.4447,16.4447,0.00294993,0.00294993,false
C03,C05,143.586,143.586,55.9987,55.9987,0.0100453,0.0100453,false
C03,C06,215.624,215.624,84.0933,84.0933,0.0150851,0.0150851,false
C03,C07,381.911,381.911,148.945,148.945,0.0267185,0.0267185,false
C03,C08,73.437,73.437,28.6403,28.6403,0.00513765,0.00513765,false
C03,M09,92.411,92.411,36.0403,36.0403,0.00646507,0.00646507,false
C03,M10,104.401,104.401,40.7164,40.7164,0.00730389,0.00730389,false
C03,M11,158.713,158.713,61.898,61.898,0.0111036,0.0111036,false
C03,M12,158.734,158.734,61.9062,61.9062,0.011105,0.011105,false
C03,M13,92.517,92.517,36.0817,36.0817,0.00647249,0.00647249,false
C03,M14,256.376,256.376,99.9866,99.9866,0.0179361,0.0179361,false
C03,M15,295.525,295.525,115.255,115.255,0.0206749,0.0206749,false
C04,C01,130.468,130.468,50.8827,50.8827,0.00912754,0.00912754,false
C04,C02,185.449,185.449,72.325,72.325,0.012974,0.012974,false
C04,C03,41.136,41.136,16.0428,16.0428,0.00287787,0.00287787,false
C04,C04,0,10,0,3.9,0,0.0006996,true
C04,C05,183.192,183.192,71.4448,71.4448,0.0128161,0.0128161,false
C04,C06,255.229,255.229,99.5395,99.5395,0.0178558,0.0178558,false
C04,C07,343.537,343.537,133.979,133.979,0.0240338,0.0240338,false
C04,C08,117.359,117.359,45.7699,45.7699,0.00821044,0.00821044,false
C04,M09,58.053,58.053,22.6409,22.6409,0.00406139,0.00406139,false
C04,M10,119.154,119.154,46.4702,46.4702,0.00833601,0.00833601,false
C04,M11,129.462,129.462,50.49,50.49,0.00905716,0.00905716,false
C04,M12,198.339,198.339,77.3524,77.3524,0.0138758,0.0138758,false
C04,M13,121.865,121.865,47.5272,47.5272,0.00852568,0.00852568,false
C04,M14,224.651,224.651,87.6137,87.6137,0.0157166,0.0157166,false
C04,M15,335.131,335.131,130.701,130.701,0.0234458,0.0234458,false
C05,C01,174.415,174.415,68.0218,68.0218,0.0122021,0.0122021,false
C05,C02,272.101,272.101,106.119,106.119,0.0190362,0.0190362,false
C05,C03,143.821,143.821,56.0903,56.0903,0.0100617,0.0100617,false
C05,C04,184.082,184.082,71.7918,71.7918,0.0128784,0.0128784,false
C05,C05,0,10,0,3.9,0,0.0006996,true
C05,C06,149.464,149.464,58.2911,58.2911,0.0104565,0.0104565,false
C05,C07,404.946,404.946,157.929,157.929,0.02833,0.02833,false
C05,C08,85.317,85.317,33.2737,33.2737,0.00596878,0.00596878,false
C05,M09,198.64,198.64,77.4694,77.4694,0.0138969,0.0138969,false
C05,M10,246.416,246.416,96.1023,96.1023,0.0172393,0.0172393,false
C05,M11,289.205,289.205,112.79,112.79,0.0202328,0.0202328,false
C05,M12,57.665,57.665,22.4892,22.4892,0.00403424,0.00403424,false
C05,M13,80.526,80.526,31.4053,31.4053,0.0056336,0.0056336,false
C05,M14,265.505,265.505,103.547,103.547,0.0185747,0.0185747,false
C05,M15,170.665,170.665,66.5593,66.5593,0.0119397,0.0119397,false
C06,C01,213.613,213.613,83.3092,83.3092,0.0149444,0.0149444,false
C06,C02,415.566,415.566,162.071,162.071,0.029073,0.029073,false
C06,C03,216.801,216.801,84.5525,84.5525,0.0151674,0.0151674,false
C06,C04,263.046,263.046,102.588,102.588,0.0184027,0.0184027,false
C06,C05,150.3,150.3,58.6169,58.6169,0.010515,0.010515,false
C06,C06,0,10,0,3.9,0,0.0006996,true
C06,C07,554.761,554.761,216.357,216.357,0.0388111,0.0388111,false
C06,C08,148.427,148.427,57.8866,57.8866,0.010384,0.010384,false
C06,M09,303.842,303.842,118.498,118.498,0.0212568,0.0212568,false
C06,M10,288.388,288.388,112.471,112.471,0.0201756,0.0201756,false
C06,M11,370.144,370.144,144.356,144.356,0.0258953,0.0258953,false
C06,M12,107.025,107.025,41.7399,41.7399,0.00748747,0.00748747,false
C06,M13,220.242,220.242,85.8942,85.8942,0.0154081,0.0154081,false
C06,M14,415.32,415.32,161.975,161.975,0.0290558,0.0290558,false
C06,M15,235.049,235.049,91.669,91.669,0.016444,0.016444,false
C07,C01,463.365,463.365,180.713,180.713,0.032417,0.032417,false
C07,C02,171.093,171.093,66.7263,66.7263,0.0119697,0.0119697,false
C07,C03,374.416,374.416,146.022,146.022,0.0261941,0.0261941,false
C07,C04,345.917,345.917,134.908,134.908,0.0242004,0.0242004,false
C07,C05,409.138,409.138,159.564,159.564,0.0286233,0.0286233,false
C07,C06,554.816,554.816,216.378,216.378,0.0388149,0.0388149,false
C07,C07,0,10,0,3.9,0,0.0006996,true
C07,C08,426.072,426.072,166.168,166.168,0.029808,0.029808,false
C07,M09,298.235,298.235,116.312,116.312,0.0208645,0.0208645,false
C07,M10,403.733,403.733,157.456,157.456,0.0282452,0.0282452,false
C07,M11,301.243,301.243,117.485,117.485,0.021075,0.021075,false
C07,M12,468.512,468.512,182.72,182.72,0.0327771,0.0327771,false
C07,M13,349.161,349.161,136.173,136.173,0.0244273,0.0244273,false
C07,M14,149.56,149.56,58.3285,58.3285,0.0104632,0.0104632,false
C07,M15,484.527,484.527,188.965,188.965,0.0338975,0.0338975,false
C08,C01,97.311,97.311,37.9511,37.9511,0.00680788,0.00680788,false
C08,C02,283.339,283.339,110.502,110.502,0.0198224,0.0198224,false
C08,C03,72.6,72.6,28.3141,28.3141,0.0050791,0.0050791,false
C08,C04,120.29,120.29,46.9129,46.9129,0.00841549,0.00841549,false
C08,C05,84.99,84.99,33.1461,33.1461,0.0059459,0.0059459,false
C08,C06,148.033,148.033,57.733,57.733,0.0103564,0.0103564,false
C08,C07,423.098,423.098,165.008,165.008,0.0295999,0.0295999,false
C08,C08,0,10,0,3.9,0,0.0006996,true
C08,M09,161.086,161.086,62.8235,62.8235,0.0112696,0.0112696,false
C08,M10,164.042,164.042,63.9766,63.9766,0.0114764,0.0114764,false
C08,M11,227.387,227.387,88.6811,88.6811,0.015908,0.015908,false
C08,M12,97.125,97.125,37.8786,37.8786,0.00679486,0.00679486,false
C08,M13,81.637,81.637,31.8383,31.8383,0.00571132,0.00571132,false
C08,M14,283.657,283.657,110.626,110.626,0.0198446,0.0198446,false
C08,M15,237.75,237.75,92.7225,92.7225,0.016633,0.016633,false
