num_dc,num_retailers,random_seed,fixed_w,complete_column_count,cplex_status,cplex_objective,cplex_gap,cplex_wall_time_sec,bp_status,bp_objective,bp_gap,bp_wall_time_sec,absolute_objective_difference,relative_objective_difference,reference_solution_feasible,bp_solution_feasible,bp_cg_iterations,bp_branch_nodes,bp_processed_nodes,bp_pruned_nodes,bp_remaining_active_nodes,pair_valid,size_id
3,10,101,0.0,6108,OPTIMAL,390548.32979060709,0,0.037211452999999999,OPTIMAL_CERTIFIED,390548.32979060709,0,0.001892485,0,0,true,true,6,0,1,0,0,true,3x10
3,10,202,0.0,6108,OPTIMAL,320814.29697384901,0,0.068787848999999998,OPTIMAL_CERTIFIED,320814.29697384901,0,0.001716899,0,0,true,true,5,0,1,0,0,true,3x10
3,10,303,0.0,6108,OPTIMAL,348511.25749501033,0,0.025765606999999999,OPTIMAL_CERTIFIED,348511.25749501033,0,0.0016741740000000001,0,0,true,true,5,0,1,0,0,true,3x10
3,10,404,0.0,6108,OPTIMAL,268275.96565242269,0,0.053259736000000002,OPTIMAL_CERTIFIED,268275.96565242269,0,0.00075544399999999997,0,0,true,true,3,0,1,0,0,true,3x10
3,10,505,0.0,6108,OPTIMAL,125308.68948274091,0,0.015957121000000001,OPTIMAL_CERTIFIED,125308.68948274091,0,0.00062044200000000002,0,0,true,true,2,0,1,0,0,true,3x10
3,10,606,0.0,6108,OPTIMAL,575992.37211698748,0,0.091338457999999997,OPTIMAL_CERTIFIED,575992.37211698748,0,0.002871883,0,0,true,true,7,0,1,0,0,true,3x10
3,10,707,0.0,6108,OPTIMAL,585987.19951055991,0,0.051519204999999998,OPTIMAL_CERTIFIED,585987.19951055991,0,0.0036469219999999999,0,0,true,true,10,0,1,0,0,true,3x10
3,10,808,0.0,6108,OPTIMAL,449908.31970241654,0,0.072137765000000006,OPTIMAL_CERTIFIED,449908.31970241654,0,0.013669493,0,0,true,true,10,0,1,0,0,true,3x10
3,10,909,0.0,6108,OPTIMAL,247811.8685253443,0,0.031313903999999997,OPTIMAL_CERTIFIED,247811.8685253443,0,0.0010828000000000001,0,0,true,true,4,0,1,0,0,true,3x10
3,10,1010,0.0,6108,OPTIMAL,281445.83649636991,0,0.043139830999999997,OPTIMAL_CERTIFIED,281445.83649636991,0,0.001622182,0,0,true,true,5,0,1,0,0,true,3x10
3,10,101,0.4,6108,OPTIMAL,476884.71855748002,0,0.073377669000000006,OPTIMAL_CERTIFIED,476884.71855748002,0,0.0039242510000000001,0,0,true,true,7,0,1,0,0,true,3x10
3,10,202,0.4,6108,OPTIMAL,407969.02957803616,0,0.050267142000000001,OPTIMAL_CERTIFIED,407969.02957803616,0,0.0034472679999999999,0,0,true,true,8,0,1,0,0,true,3x10
3,10,303,0.4,6108,OPTIMAL,430614.71187055041,0,0.043546926,OPTIMAL_CERTIFIED,430614.71187055041,0,0.0057205090000000004,0,0,true,true,7,0,1,0,0,true,3x10
3,10,404,0.4,6108,OPTIMAL,333590.12669876206,0,0.020501205000000002,OPTIMAL_CERTIFIED,333590.12669876206,0,0.000892723,0,0,true,true,3,0,1,0,0,true,3x10
3,10,505,0.4,6108,OPTIMAL,178208.81279732345,0,0.025789625,OPTIMAL_CERTIFIED,178208.81279732345,0,0.001346281,0,0,true,true,4,0,1,0,0,true,3x10
3,10,606,0.4,6108,OPTIMAL,619086.00387154939,0,0.068112167000000001,OPTIMAL_CERTIFIED,619086.00387154939,0,0.0039207670000000003,0,0,true,true,7,0,1,0,0,true,3x10
3,10,707,0.4,6108,OPTIMAL,630680.13791055768,0,0.041256359999999999,OPTIMAL_CERTIFIED,630680.13791055768,0,0.0031166330000000002,0,0,true,true,7,0,1,0,0,true,3x10
3,10,808,0.4,6108,OPTIMAL,519662.90163726313,0,0.056027612999999997,OPTIMAL_CERTIFIED,519662.90163726313,0,0.0069049050000000002,0,0,true,true,12,0,1,0,0,true,3x10
3,10,909,0.4,6108,OPTIMAL,298764.40624365985,0,0.036418783000000003,OPTIMAL_CERTIFIED,298764.40624365985,0,0.002302592,0,0,true,true,5,0,1,0,0,true,3x10
3,10,1010,0.4,6108,OPTIMAL,354667.11696317187,0,0.050847494,OPTIMAL_CERTIFIED,354667.11696317187,0,0.0026245330000000001,0,0,true,true,5,0,1,0,0,true,3x10
3,10,101,0.8,6108,OPTIMAL,463906.51371692715,0,0.077555106999999998,OPTIMAL_CERTIFIED,463906.51371692715,0,0.0089423439999999996,0,0,true,true,15,0,1,0,0,true,3x10
3,10,202,0.8,6108,OPTIMAL,379319.11776367162,0,0.059485122000000001,OPTIMAL_CERTIFIED,379319.11776367162,0,0.0072540069999999998,0,0,true,true,10,0,1,0,0,true,3x10
3,10,303,0.8,6108,OPTIMAL,394504.62230605329,0,0.057037785000000001,OPTIMAL_CERTIFIED,394504.62230605329,0,0.0052834090000000002,0,0,true,true,9,0,1,0,0,true,3x10
3,10,404,0.8,6108,OPTIMAL,291244.30357873812,0,0.025566225000000001,OPTIMAL_CERTIFIED,291244.30357873812,0,0.0025256530000000001,0,0,true,true,4,0,1,0,0,true,3x10
3,10,505,0.8,6108,OPTIMAL,191224.22141226818,0,0.022194878000000001,OPTIMAL_CERTIFIED,191224.22141226818,0,0.002508845,0,0,true,true,5,0,1,0,0,true,3x10
3,10,606,0.8,6108,OPTIMAL,543151.62213169364,0,0.069580824999999999,OPTIMAL_CERTIFIED,543151.62213169353,0,0.007405722,1.1641532182693481e-10,2.1433300957482645e-16,true,true,11,0,1,0,0,true,3x10
3,10,707,0.8,6108,OPTIMAL,565125.20379640255,0,0.064754147999999997,OPTIMAL_CERTIFIED,565125.20379640255,0,0.0066957370000000002,0,0,true,true,8,0,1,0,0,true,3x10
3,10,808,0.8,6108,OPTIMAL,481954.82011925394,0,0.052534286999999999,OPTIMAL_CERTIFIED,481954.82011925394,0,0.007299832,0,0,true,true,11,0,1,0,0,true,3x10
3,10,909,0.8,6108,OPTIMAL,285243.84242270736,0,0.055133434000000002,OPTIMAL_CERTIFIED,285243.84242270736,0,0.0052605509999999996,0,0,true,true,6,0,1,0,0,true,3x10
3,10,1010,0.8,6108,OPTIMAL,349860.56791102211,0,0.058551789999999999,OPTIMAL_CERTIFIED,349860.56791102211,0,0.0082439809999999992,0,0,true,true,10,0,1,0,0,true,3x10
3,5,101,0.0,171,OPTIMAL,277582.88564722892,0,0.023694699999999999,OPTIMAL_CERTIFIED,277582.88564722892,0,0.001863132,0,0,true,true,3,0,1,0,0,true,3x5
3,5,202,0.0,171,OPTIMAL,239513.93709238007,0,0.0096486799999999998,OPTIMAL_CERTIFIED,239513.93709238005,0,0.0026493969999999999,2.9103830456733704e-11,1.2151205399587419e-16,true,true,4,0,1,0,0,true,3x5
3,5,303,0.0,171,OPTIMAL,69710.71052654607,0,0.0049612830000000004,OPTIMAL_CERTIFIED,69710.71052654607,0,0.001476396,0,0,true,true,2,0,1,0,0,true,3x5
3,5,404,0.0,171,OPTIMAL,180207.32612299279,0,0.0065583129999999996,OPTIMAL_CERTIFIED,180207.32612299279,0,0.001728533,0,0,true,true,3,0,1,0,0,true,3x5
3,5,505,0.0,171,OPTIMAL,17616.336862424327,0,0.022515503999999999,OPTIMAL_CERTIFIED,17616.336862424327,0,0.00097992799999999992,0,0,true,true,1,0,1,0,0,true,3x5
3,5,606,0.0,171,OPTIMAL,230604.338664179,0,0.0092063600000000002,OPTIMAL_CERTIFIED,230604.338664179,0,0.001785189,0,0,true,true,4,0,1,0,0,true,3x5
3,5,707,0.0,171,OPTIMAL,271282.11026882706,0,0.0060972409999999998,OPTIMAL_CERTIFIED,271282.11026882706,0,0.0015239209999999999,0,0,true,true,3,0,1,0,0,true,3x5
3,5,808,0.0,171,OPTIMAL,251329.0403231566,0,0.026190127000000001,OPTIMAL_CERTIFIED,251329.0403231566,0,0.0025963200000000001,0,0,true,true,4,0,1,0,0,true,3x5
3,5,909,0.0,171,OPTIMAL,132040.94551579986,0,0.0048904819999999998,OPTIMAL_CERTIFIED,132040.94551579986,0,0.0013373289999999999,0,0,true,true,2,0,1,0,0,true,3x5
3,5,1010,0.0,171,OPTIMAL,133385.83658272415,0,0.0079354600000000001,OPTIMAL_CERTIFIED,133385.83658272415,0,0.002026618,0,0,true,true,3,0,1,0,0,true,3x5
3,5,101,0.4,171,OPTIMAL,280693.0990360002,0,0.026340803999999999,OPTIMAL_CERTIFIED,280693.0990360002,0,0.0026095760000000002,0,0,true,true,4,0,1,0,0,true,3x5
3,5,202,0.4,171,OPTIMAL,272697.14128961076,0,0.0093427049999999998,OPTIMAL_CERTIFIED,272697.14128961076,0,0.003015177,0,0,true,true,4,0,1,0,0,true,3x5
3,5,303,0.4,171,OPTIMAL,100238.019315233,0,0.0067786440000000003,OPTIMAL_CERTIFIED,100238.019315233,0,0.0019695870000000001,0,0,true,true,4,0,1,0,0,true,3x5
3,5,404,0.4,171,OPTIMAL,227194.55501514772,0,0.0066704379999999999,OPTIMAL_CERTIFIED,227194.55501514772,0,0.0017262600000000001,0,0,true,true,3,0,1,0,0,true,3x5
3,5,505,0.4,171,OPTIMAL,39294.306345919562,0,0.0063401300000000002,OPTIMAL_CERTIFIED,39294.306345919562,0,0.0016888199999999999,0,0,true,true,2,0,1,0,0,true,3x5
3,5,606,0.4,171,OPTIMAL,253091.71363996452,0,0.0088457599999999994,OPTIMAL_CERTIFIED,253091.71363996452,0,0.0028190770000000001,0,0,true,true,4,0,1,0,0,true,3x5
3,5,707,0.4,171,OPTIMAL,298939.56077459879,0,0.0062560350000000001,OPTIMAL_CERTIFIED,298939.56077459879,0,0.0023290339999999998,0,0,true,true,5,0,1,0,0,true,3x5
3,5,808,0.4,171,OPTIMAL,276062.47164837003,0,0.0080631450000000007,OPTIMAL_CERTIFIED,276062.47164837003,0,0.0029814049999999999,0,0,true,true,5,0,1,0,0,true,3x5
3,5,909,0.4,171,OPTIMAL,147717.11313055945,0,0.0069850399999999997,OPTIMAL_CERTIFIED,147717.11313055945,0,0.001289103,0,0,true,true,2,0,1,0,0,true,3x5
3,5,1010,0.4,171,OPTIMAL,154763.00839850394,0,0.0070075750000000003,OPTIMAL_CERTIFIED,154763.00839850394,0,0.0023530589999999998,0,0,true,true,4,0,1,0,0,true,3x5
3,5,101,0.8,171,OPTIMAL,222705.85630668883,0,0.026214620000000001,OPTIMAL_CERTIFIED,222705.85630668883,0,0.002270864,0,0,true,true,3,0,1,0,0,true,3x5
3,5,202,0.8,171,OPTIMAL,224252.32886326444,0,0.0058957840000000003,OPTIMAL_CERTIFIED,224252.32886326444,0,0.00195112,0,0,true,true,4,0,1,0,0,true,3x5
3,5,303,0.8,171,OPTIMAL,70328.743043943876,0,0.0048273680000000003,OPTIMAL_CERTIFIED,70328.743043943876,0,0.0013857609999999999,0,0,true,true,3,0,1,0,0,true,3x5
3,5,404,0.8,171,OPTIMAL,195272.32451266955,0,0.0041819220000000002,OPTIMAL_CERTIFIED,195272.32451266955,0,0.001690418,0,0,true,true,3,0,1,0,0,true,3x5
3,5,505,0.8,171,OPTIMAL,30207.452694522348,0,0.0030246880000000002,OPTIMAL_CERTIFIED,30207.452694522348,0,0.002172813,0,0,true,true,3,0,1,0,0,true,3x5
3,5,606,0.8,171,OPTIMAL,219319.77020266198,0,0.0066780709999999998,OPTIMAL_CERTIFIED,219319.77020266198,0,0.001757411,0,0,true,true,5,0,1,0,0,true,3x5
3,5,707,0.8,171,OPTIMAL,253730.45657244037,0,0.0035272799999999998,OPTIMAL_CERTIFIED,253730.45657244037,0,0.0011864550000000001,0,0,true,true,3,0,1,0,0,true,3x5
3,5,808,0.8,171,OPTIMAL,235065.40131666639,0,0.027978207000000001,OPTIMAL_CERTIFIED,235065.40131666639,0,0.0031208759999999999,0,0,true,true,5,0,1,0,0,true,3x5
3,5,909,0.8,171,OPTIMAL,88773.452089609404,0,0.0064506420000000004,OPTIMAL_CERTIFIED,88773.452089609404,0,0.0017518989999999999,0,0,true,true,2,0,1,0,0,true,3x5
3,5,1010,0.8,171,OPTIMAL,112733.39279149912,0,0.0036598759999999998,OPTIMAL_CERTIFIED,112733.39279149912,0,0.0019610360000000002,0,0,true,true,5,0,1,0,0,true,3x5
5,10,101,0.0,10180,OPTIMAL,505776.35827637999,0,0.051692400999999999,OPTIMAL_CERTIFIED,505776.35827637993,0,0.002524798,5.8207660913467407e-11,1.1508576856346458e-16,true,true,6,0,1,0,0,true,5x10
5,10,202,0.0,10180,OPTIMAL,534421.34437029378,0,0.050284786999999997,OPTIMAL_CERTIFIED,534421.34437029378,0,0.0024922199999999999,0,0,true,true,5,0,1,0,0,true,5x10
5,10,303,0.0,10180,OPTIMAL,597865.0519616087,0,0.059837857000000001,OPTIMAL_CERTIFIED,597865.05196160881,0,0.0032966050000000002,1.1641532182693481e-10,1.9471839246159902e-16,true,true,8,0,1,0,0,true,5x10
5,10,404,0.0,10180,OPTIMAL,424640.16047616187,0,0.044147409999999998,OPTIMAL_CERTIFIED,424640.16047616175,0,0.0012928130000000001,1.1641532182693481e-10,2.741505224008836e-16,true,true,4,0,1,0,0,true,5x10
5,10,505,0.0,10180,OPTIMAL,403886.70141346997,0,0.028331313,OPTIMAL_CERTIFIED,403886.70141346997,0,0.001243149,0,0,true,true,4,0,1,0,0,true,5x10
5,10,606,0.0,10180,OPTIMAL,778892.61151911214,0,0.102799822,OPTIMAL_CERTIFIED,778892.61151911202,0,0.0037575360000000001,1.1641532182693481e-10,1.494626089723516e-16,true,true,9,0,1,0,0,true,5x10
5,10,707,0.0,10180,OPTIMAL,612420.59470525605,0,0.075862781000000004,OPTIMAL_CERTIFIED,612420.59470525605,0,0.0048089910000000003,0,0,true,true,10,0,1,0,0,true,5x10
5,10,808,0.0,10180,OPTIMAL,704309.16702811641,0,0.083731293999999998,OPTIMAL_CERTIFIED,704309.1670281163,0,0.003762297,1.1641532182693481e-10,1.6529008463450462e-16,true,true,9,0,1,0,0,true,5x10
5,10,909,0.0,10180,OPTIMAL,295500.5914458076,0,0.039111661999999998,OPTIMAL_CERTIFIED,295500.59144580766,0,0.0021537230000000002,5.8207660913467407e-11,1.9697984572102698e-16,true,true,7,0,1,0,0,true,5x10
5,10,1010,0.0,10180,OPTIMAL,563143.53293455997,0,0.080219515000000005,OPTIMAL_CERTIFIED,563143.53293455997,0,0.0040783800000000004,0,0,true,true,9,0,1,0,0,true,5x10
5,10,101,0.4,10180,OPTIMAL,542229.44503875542,0,0.077805314,OPTIMAL_CERTIFIED,542229.44503875542,0,0.003681896,0,0,true,true,7,0,1,0,0,true,5x10
5,10,202,0.4,10180,OPTIMAL,593047.95847582212,0,0.076648723000000002,OPTIMAL_CERTIFIED,593047.95847582212,0,0.0065839929999999998,0,0,true,true,6,0,1,0,0,true,5x10
5,10,303,0.4,10180,OPTIMAL,636096.66775126813,0,0.066018231999999996,OPTIMAL_CERTIFIED,636096.66775126813,0,0.0043556519999999998,0,0,true,true,8,0,1,0,0,true,5x10
5,10,404,0.4,10180,OPTIMAL,514041.4009669341,0,0.045158810000000001,OPTIMAL_CERTIFIED,514041.4009669341,0,0.0027017170000000002,0,0,true,true,7,0,1,0,0,true,5x10
5,10,505,0.4,10180,OPTIMAL,490577.74775985861,0,0.046657840999999999,OPTIMAL_CERTIFIED,490577.74775985861,0,0.0017879479999999999,0,0,true,true,5,0,1,0,0,true,5x10
5,10,606,0.4,10180,OPTIMAL,815334.2240332698,0,0.091592541,OPTIMAL_CERTIFIED,815334.2240332698,0,0.0030120569999999998,0,0,true,true,5,0,1,0,0,true,5x10
5,10,707,0.4,10180,OPTIMAL,656957.13308782771,0,0.104554097,OPTIMAL_CERTIFIED,656957.13308782782,0,0.0061015219999999998,1.1641532182693481e-10,1.772038325845705e-16,true,true,10,0,1,0,0,true,5x10
5,10,808,0.4,10180,OPTIMAL,736490.24407943431,0,0.080010169000000006,OPTIMAL_CERTIFIED,736490.24407943431,0,0.0060352799999999996,0,0,true,true,10,0,1,0,0,true,5x10
5,10,909,0.4,10180,OPTIMAL,376559.73219569703,0,0.041917773999999998,OPTIMAL_CERTIFIED,376559.73219569703,0,0.002719029,0,0,true,true,6,0,1,0,0,true,5x10
5,10,1010,0.4,10180,OPTIMAL,614650.20564233162,0,0.096252615999999999,OPTIMAL_CERTIFIED,614650.20564233162,0,0.0052344180000000002,0,0,true,true,10,0,1,0,0,true,5x10
5,10,101,0.8,10180,OPTIMAL,468434.78104000178,0,0.113410855,OPTIMAL_CERTIFIED,468434.78104000178,0,0.0079707830000000004,0,0,true,true,9,0,1,0,0,true,5x10
5,10,202,0.8,10180,OPTIMAL,492361.60499760078,0,0.11842211499999999,OPTIMAL_CERTIFIED,492361.60499760078,0,0.0049306710000000002,0,0,true,true,6,0,1,0,0,true,5x10
5,10,303,0.8,10180,OPTIMAL,533532.33318949258,0,0.076176578999999994,OPTIMAL_CERTIFIED,533532.33318949258,0,0.0082121039999999996,0,0,true,true,10,0,1,0,0,true,5x10
5,10,404,0.8,10180,OPTIMAL,474825.75808514579,0,0.078073112,OPTIMAL_CERTIFIED,474825.75808514585,0,0.011446146000000001,5.8207660913467407e-11,1.225874121661058e-16,true,true,14,0,1,0,0,true,5x10
5,10,505,0.8,10180,OPTIMAL,427597.75838881673,0,0.054413140999999998,OPTIMAL_CERTIFIED,427597.75838881673,0,0.0043650759999999999,0,0,true,true,7,0,1,0,0,true,5x10
5,10,606,0.8,10180,OPTIMAL,722481.25551234675,0,0.13766144599999999,OPTIMAL_CERTIFIED,722481.25551234675,0,0.0065269209999999998,0,0,true,true,7,0,1,0,0,true,5x10
5,10,707,0.8,10180,OPTIMAL,564247.76086563012,0,0.097935640000000004,OPTIMAL_CERTIFIED,564247.76086563012,0,0.013197258,0,0,true,true,15,0,1,0,0,true,5x10
5,10,808,0.8,10180,OPTIMAL,679510.71440003486,0,0.094888243999999997,OPTIMAL_CERTIFIED,679510.71440003486,0,0.010714033,0,0,true,true,14,0,1,0,0,true,5x10
5,10,909,0.8,10180,OPTIMAL,339702.60414331511,0,0.080775606,OPTIMAL_CERTIFIED,339702.60414331511,0,0.0051375709999999996,0,0,true,true,7,0,1,0,0,true,5x10
5,10,1010,0.8,10180,OPTIMAL,550815.78052381997,0,0.076684873000000001,OPTIMAL_CERTIFIED,550815.78052381997,0,0.010514525,0,0,true,true,13,0,1,0,0,true,5x10
